gene_symbol	pheno_score
SLC2A1	100.0000
BUD23	100.0000
TMEM270	100.0000
HSPG2	100.0000
TNRC6B	100.0000
TAF1	100.0000
SCN3A	100.0000
WAC	100.0000
FRYL	100.0000
JARID2	100.0000
TNPO2	100.0000
PIK3CA	100.0000
HDAC8	100.0000
ADNP	100.0000
NSD1	100.0000
KDM4B	100.0000
RERE	100.0000
SRCAP	100.0000
SETBP1	100.0000
GTF2IRD2	100.0000
SATB2	100.0000
NTRK2	100.0000
COMT	100.0000
ELFN1	100.0000
CLIP2	100.0000
NF1	100.0000
STX1A	100.0000
SIN3A	100.0000
FKBP6	100.0000
TBX1	100.0000
KMT2B	100.0000
RAI1	100.0000
SMARCA2	100.0000
FERRY3	100.0000
SNRPN	100.0000
SCN1A	100.0000
TUBG1	100.0000
ARVCF	100.0000
DPYS	100.0000
RREB1	100.0000
USP7	100.0000
MAGEL2	100.0000
POLA1	100.0000
SH2B1	100.0000
CDK8	100.0000
PPFIA3	100.0000
FGFR1	100.0000
GRIN2A	100.0000
STAG2	100.0000
NSUN2	100.0000
DNM1	100.0000
ELN	100.0000
MED12L	100.0000
JMJD1C	100.0000
STEEP1	100.0000
DNAJC30	100.0000
POGZ	100.0000
SPEN	100.0000
BCORL1	100.0000
MED16	100.0000
UFD1	100.0000
ZMYM2	100.0000
TRIO	100.0000
CTCF	100.0000
AP2M1	100.0000
PHF21A	100.0000
AUTS2	100.0000
HDAC4	100.0000
SEC24C	100.0000
SPTBN1	100.0000
NEXMIF	100.0000
LIMK1	100.0000
MARK2	100.0000
WDR83OS	100.0000
LRRC7	100.0000
SMC3	100.0000
NFIB	100.0000
CHD2	100.0000
RAD21	100.0000
UGGT1	100.0000
UBR5	100.0000
UPF3B	100.0000
PPP3CA	100.0000
CHRNA7	100.0000
PACS2	100.0000
TAOK1	100.0000
TET3	100.0000
AARS1	100.0000
TBL2	100.0000
KDM6B	100.0000
AGO1	100.0000
ANKRD11	100.0000
EHMT1	100.0000
SMC1A	100.0000
BAP1	100.0000
CNTNAP2	100.0000
SLC6A1	100.0000
MED12	100.0000
ARID2	100.0000
UBE3A	100.0000
RFC2	100.0000
CAMTA1	100.0000
RPS6KC1	100.0000
RNU2-2	100.0000
GTF2IRD1	100.0000
ATP6V1A	100.0000
PTEN	100.0000
SIM1	100.0000
SOX6	100.0000
YY1	100.0000
PCGF2	100.0000
SLC6A8	100.0000
TLK2	100.0000
METTL27	100.0000
ZFX	100.0000
TBCB	100.0000
GTF3C3	100.0000
UBAP2L	100.0000
OPHN1	100.0000
SEMA3E	100.0000
EIF4H	100.0000
DLL1	100.0000
GTF2I	100.0000
NCF1	100.0000
NR2F1	100.0000
APC2	100.0000
H4C5	100.0000
AMOTL1	100.0000
VPS37D	100.0000
HIRA	100.0000
NIPA2	100.0000
NIPA1	100.0000
SYNGAP1	100.0000
BAZ1B	100.0000
GP1BB	100.0000
RFX7	100.0000
IQSEC2	100.0000
DYRK1A	100.0000
CACNA1C	100.0000
CDH11	100.0000
CDC42BPB	100.0000
CHD7	100.0000
BCKDK	100.0000
FMR1	100.0000
NMNAT1	80.0000
IFT74	80.0000
ZDHHC9	80.0000
TBC1D24	80.0000
TBX2	80.0000
SETD1B	80.0000
ALG13	80.0000
BRAF	80.0000
TBC1D23	80.0000
SLC9A7	80.0000
GABRA1	80.0000
TBL1XR1	80.0000
CLTC	80.0000
NSUN6	80.0000
ANKRD17	80.0000
ARX	80.0000
PUF60	80.0000
WDR26	80.0000
SUPT16H	80.0000
NAA10	80.0000
TMEM237	80.0000
CYP27A1	80.0000
TBCK	80.0000
PIGQ	80.0000
FGFR3	80.0000
ARID1A	80.0000
ATP6V0A1	80.0000
SOX5	80.0000
CACNA1B	80.0000
ATXN7L3	80.0000
NUS1	80.0000
FLCN	80.0000
MEIS2	80.0000
NECAP1	80.0000
MTOR	80.0000
HIVEP2	80.0000
RNU5B-1	80.0000
DEPDC5	80.0000
IARS1	80.0000
IGF2	80.0000
STXBP1	80.0000
OTUD6B	80.0000
BBS2	80.0000
NAA15	80.0000
SLC35C1	80.0000
CDK19	80.0000
EEF1A2	80.0000
FOXG1	80.0000
IGF1	80.0000
NFIA	80.0000
GJA8	80.0000
KAT5	80.0000
SYNJ1	80.0000
STAG1	80.0000
HESX1	80.0000
FBXO28	80.0000
HNRNPK	80.0000
ZNF711	80.0000
DHX30	80.0000
FZR1	80.0000
ALG14	80.0000
TBR1	80.0000
MID1	80.0000
OCRL	80.0000
PIGV	80.0000
SNORD115-1	80.0000
CACNA1A	80.0000
KMT2C	80.0000
NPHP1	80.0000
RSRC1	80.0000
FRA10AC1	80.0000
NDN	80.0000
FANCD2	80.0000
STS	80.0000
ERI1	80.0000
AKT1	80.0000
PPM1D	80.0000
ADSL	80.0000
RAC1	80.0000
SLC1A2	80.0000
TOGARAM1	80.0000
EXT2	80.0000
POLD1	80.0000
MCTP2	80.0000
AGO2	80.0000
SON	80.0000
SLC13A5	80.0000
CHD5	80.0000
NIPBL	80.0000
BRD4	80.0000
DPF2	80.0000
GNE	80.0000
UBE4A	80.0000
MAP1B	80.0000
KCNA1	80.0000
TIAM1	80.0000
DPH1	80.0000
GABRA5	80.0000
ATP1A2	80.0000
OTUD5	80.0000
ATRX	80.0000
KLHL20	80.0000
RPL10	80.0000
SZT2	80.0000
GABRB2	80.0000
PIEZO2	80.0000
PWAR1	80.0000
IFNG	80.0000
PHIP	80.0000
GABRG2	80.0000
MYT1L	80.0000
RNF135	80.0000
PARS2	80.0000
GNAQ	80.0000
BMPR1A	80.0000
NONO	80.0000
PRR12	80.0000
SMARCB1	80.0000
MKS1	80.0000
SPTAN1	80.0000
TMEM138	80.0000
BRCA2	80.0000
DHCR7	80.0000
AHDC1	80.0000
PACS1	80.0000
EP300	80.0000
DALRD3	80.0000
GALNT2	80.0000
NAGA	80.0000
ZMYM3	80.0000
SMARCC2	80.0000
PIGW	80.0000
PRKAR1B	80.0000
SOX11	80.0000
KMT5B	80.0000
KCNN2	80.0000
RTL1	80.0000
DDX3X	80.0000
TSC2	80.0000
RLIM	80.0000
SNORD116-1	80.0000
GDF6	80.0000
TANC2	80.0000
AP1S2	80.0000
EBF3	80.0000
ASCC3	80.0000
CSGALNACT1	80.0000
SVBP	80.0000
GRIK2	80.0000
TMEM67	80.0000
PGAP2	80.0000
CC2D2A	80.0000
CHD8	80.0000
TMEM216	80.0000
HNRNPH2	80.0000
GABBR1	80.0000
TRAK1	80.0000
SMARCA4	80.0000
TCF4	80.0000
FOXP1	80.0000
FLVCR1	80.0000
DHDDS	80.0000
PCDH19	80.0000
FGF12	80.0000
IPW	80.0000
KMT2A	80.0000
HMGA2	80.0000
ATP9A	80.0000
DHTKD1	80.0000
ZNF292	80.0000
ADGRL1	80.0000
MKRN3	80.0000
BCOR	80.0000
CACNA2D1	80.0000
GRIA1	80.0000
PIGO	80.0000
PIGA	80.0000
CIC	80.0000
GRIN1	80.0000
MBD5	80.0000
CARS1	80.0000
ALKBH8	80.0000
ARID1B	80.0000
NOTCH3	80.0000
GON4L	80.0000
UFSP2	80.0000
CYFIP2	80.0000
GALT	80.0000
ZSCAN10	80.0000
SOX4	80.0000
KCNK3	80.0000
GBA1	80.0000
GLI2	80.0000
CELF2	80.0000
PSMD12	80.0000
PCNT	80.0000
ZIC1	80.0000
RPGRIP1L	80.0000
ACTL6B	80.0000
ATP6V1B2	80.0000
SLF2	80.0000
ALDH18A1	80.0000
KCNC2	80.0000
RAB39B	80.0000
SCAPER	80.0000
CTNNB1	80.0000
CNKSR2	80.0000
SNX14	80.0000
CLCN3	80.0000
PIGY	80.0000
CRKL	80.0000
FANCL	80.0000
ZSWIM6	80.0000
KAT6A	80.0000
SETD2	80.0000
FLI1	80.0000
KCNA2	80.0000
HEPACAM	80.0000
USP9X	80.0000
KDM3B	80.0000
RIC1	80.0000
PTCHD1	80.0000
TRPM3	80.0000
MSTO1	80.0000
NFIX	80.0000
ZMIZ1	80.0000
NDP	80.0000
FGD1	80.0000
SLC9A6	80.0000
MSL2	80.0000
DEAF1	80.0000
KMT2D	80.0000
HCN1	80.0000
CHD3	80.0000
ATP1A3	80.0000
PCYT1A	80.0000
KCNB1	80.0000
GJA5	80.0000
ADH5	80.0000
GABRB3	80.0000
SETD5	80.0000
KICS2	80.0000
NSD2	80.0000
SMARCE1	80.0000
TCF20	80.0000
MAPK1	80.0000
ZBTB20	80.0000
SMARCD1	80.0000
POU4F1	80.0000
KCNH5	80.0000
GABRA2	80.0000
TMEM231	80.0000
RNU4-2	80.0000
MEG3	80.0000
CASP2	80.0000
KRAS	80.0000
GRIN2D	80.0000
CEP290	80.0000
FBXO11	80.0000
AP3B2	80.0000
SLC38A3	80.0000
MAB21L1	80.0000
YWHAG	80.0000
NR4A2	80.0000
CLCN4	80.0000
FLG	80.0000
GNB1	80.0000
SRRM2	80.0000
CREBBP	80.0000
GTPBP2	80.0000
PDE4D	80.0000
CAPRIN1	80.0000
CASK	80.0000
TFE3	80.0000
MED13L	80.0000
MADD	80.0000
CEP85L	80.0000
NPAP1	80.0000
PWRN1	80.0000
BCR	80.0000
HERC2	80.0000
OCA2	80.0000
MAN1B1	80.0000
GABBR2	80.0000
PUS7	80.0000
PIGG	80.0000
UBA5	80.0000
LIG4	80.0000
EIF4A2	80.0000
PGAP3	80.0000
CDH2	80.0000
NHS	80.0000
HECTD4	80.0000
PIGL	80.0000
ZNF423	80.0000
PTCH1	80.0000
FAM177A1	80.0000
TTC5	80.0000
PAH	80.0000
CDK13	80.0000
DLK1	80.0000
PPP2R5D	80.0000
PDZD8	80.0000
TMCO1	80.0000
TSC1	80.0000
SCN8A	80.0000
SIN3B	80.0000
NCAPD2	60.0000
CTBP1	60.0000
MCOLN1	60.0000
GDF5	60.0000
AP3B1	60.0000
RRAS2	60.0000
MACF1	60.0000
L1CAM	60.0000
LMAN2L	60.0000
ELOVL4	60.0000
CCT3	60.0000
MPDZ	60.0000
KCNK9	60.0000
KLLN	60.0000
ITGA7	60.0000
PTH1R	60.0000
FTSJ1	60.0000
POR	60.0000
PIBF1	60.0000
FANCE	60.0000
RASA2	60.0000
ANAPC1	60.0000
NEU1	60.0000
ALG9	60.0000
BCAS3	60.0000
B9D1	60.0000
KCNJ13	60.0000
CHAT	60.0000
RAD50	60.0000
LARP7	60.0000
LETM1	60.0000
QRICH1	60.0000
CDC6	60.0000
CTNNA2	60.0000
NRAS	60.0000
SKIC3	60.0000
FRRS1L	60.0000
SUFU	60.0000
GAD1	60.0000
TSPAN7	60.0000
HYLS1	60.0000
AFF4	60.0000
PAK1	60.0000
SELENON	60.0000
MEGF8	60.0000
CPLX1	60.0000
SCAF4	60.0000
FGFR2	60.0000
HUWE1	60.0000
GLUD1	60.0000
PHGDH	60.0000
ARCN1	60.0000
ATP6V1E1	60.0000
FAM149B1	60.0000
SCO2	60.0000
SOS2	60.0000
EIF2S3	60.0000
TOPORS	60.0000
TONSL	60.0000
DVL1	60.0000
CBY1	60.0000
NANS	60.0000
DDX11	60.0000
MEF2C	60.0000
GUSB	60.0000
LMBRD1	60.0000
GNPTAB	60.0000
SKI	60.0000
CBL	60.0000
CUL7	60.0000
KLHL15	60.0000
FBXW11	60.0000
LRAT	60.0000
NLGN4X	60.0000
GNAO1	60.0000
SYN1	60.0000
NAA60	60.0000
PRKACB	60.0000
ZIC2	60.0000
DLG4	60.0000
SPATA7	60.0000
SRD5A3	60.0000
GPC4	60.0000
EXTL3	60.0000
C12orf57	60.0000
ERCC4	60.0000
ATRIP	60.0000
TUBB4B	60.0000
BBS5	60.0000
ALG1	60.0000
PROKR2	60.0000
SPECC1L	60.0000
KCNQ1OT1	60.0000
TSHR	60.0000
SHOC2	60.0000
VAMP2	60.0000
PIGN	60.0000
TP53RK	60.0000
SLC25A1	60.0000
PTPN11	60.0000
BBS10	60.0000
SHANK3	60.0000
CUL3	60.0000
LZTR1	60.0000
ATR	60.0000
ZNF148	60.0000
ALG2	60.0000
ERCC2	60.0000
SSR4	60.0000
COG1	60.0000
BLM	60.0000
NEUROG1	60.0000
INPP4A	60.0000
MYCN	60.0000
CLCNKA	60.0000
AHI1	60.0000
PTRH2	60.0000
SLX4	60.0000
NUP107	60.0000
GALNS	60.0000
PQBP1	60.0000
NKX6-2	60.0000
ALAD	60.0000
WFS1	60.0000
PLK4	60.0000
WBP4	60.0000
ASH1L	60.0000
BBS9	60.0000
CRX	60.0000
MAPRE2	60.0000
GATA4	60.0000
CBS	60.0000
SIX3	60.0000
GRIA2	60.0000
SLC45A1	60.0000
KCNT1	60.0000
FANCG	60.0000
PSMB1	60.0000
PHF6	60.0000
CCNK	60.0000
KDM5A	60.0000
WDR81	60.0000
GAS1	60.0000
FRMPD4	60.0000
CEP57	60.0000
ELMO2	60.0000
SF3B2	60.0000
JAG1	60.0000
INTS11	60.0000
MANBA	60.0000
CEP41	60.0000
SET	60.0000
NOTCH2	60.0000
TP63	60.0000
UHRF1	60.0000
RHOBTB2	60.0000
CEP152	60.0000
PRODH	60.0000
BRF1	60.0000
DYM	60.0000
TPRKB	60.0000
SUZ12	60.0000
FGF13	60.0000
SRP54	60.0000
SLC1A4	60.0000
FGFRL1	60.0000
ACTG1	60.0000
KIAA0586	60.0000
WDPCP	60.0000
ZNF699	60.0000
GPC6	60.0000
BUB1	60.0000
ANTXR2	60.0000
JRK	60.0000
BPTF	60.0000
NEDD4L	60.0000
CRBN	60.0000
TTN	60.0000
DIS3L2	60.0000
COPZ1	60.0000
AGA	60.0000
CANT1	60.0000
AFG2A	60.0000
ATP6V0A2	60.0000
SLC25A24	60.0000
ARL13B	60.0000
NUP85	60.0000
TRIM37	60.0000
AGRN	60.0000
ACER3	60.0000
NAGLU	60.0000
BICRA	60.0000
KIF7	60.0000
MFSD2A	60.0000
LHX1	60.0000
PPP1R15B	60.0000
NKAP	60.0000
BCAP31	60.0000
PYCR1	60.0000
EPG5	60.0000
UPB1	60.0000
AMMECR1	60.0000
MAP2K1	60.0000
ASXL3	60.0000
PIGF	60.0000
EMC10	60.0000
TMEM147	60.0000
SLC12A6	60.0000
PLAG1	60.0000
ARPC4	60.0000
CARS2	60.0000
NDE1	60.0000
AFF3	60.0000
RYR1	60.0000
INPP5E	60.0000
CUX1	60.0000
RAB33B	60.0000
AIPL1	60.0000
PPP2R1A	60.0000
EZH2	60.0000
MN1	60.0000
TELO2	60.0000
XRCC2	60.0000
ADAMTSL2	60.0000
FRAS1	60.0000
LAMB2	60.0000
RAD51C	60.0000
TRIM32	60.0000
GNB2	60.0000
GABRD	60.0000
BRAT1	60.0000
FDXR	60.0000
CDKL5	60.0000
DSTYK	60.0000
RAB5IF	60.0000
FUCA1	60.0000
MAN2C1	60.0000
WARS2	60.0000
CSPP1	60.0000
RIT1	60.0000
PGBD5	60.0000
PURA	60.0000
DACT1	60.0000
SALL1	60.0000
WARS1	60.0000
POU3F3	60.0000
DNAJC21	60.0000
PLCH1	60.0000
NAA20	60.0000
INSR	60.0000
LONP1	60.0000
RAP1GDS1	60.0000
TUBB4A	60.0000
SYNE1	60.0000
LGI1	60.0000
DMPK	60.0000
PAK3	60.0000
SNAP25	60.0000
MID2	60.0000
TMLHE	60.0000
LHX4	60.0000
WNT5A	60.0000
P4HTM	60.0000
MLC1	60.0000
SLC39A8	60.0000
KCNH1	60.0000
NALCN	60.0000
SMPD1	60.0000
CPE	60.0000
KAT8	60.0000
TAF4	60.0000
PSPH	60.0000
MED13	60.0000
GNS	60.0000
SLC12A2	60.0000
H19	60.0000
SCN1B	60.0000
AGPAT2	60.0000
COL18A1	60.0000
RELN	60.0000
SMO	60.0000
PDHA1	60.0000
THOC6	60.0000
PEX11B	60.0000
TMEM218	60.0000
COG3	60.0000
KCNC3	60.0000
ALMS1	60.0000
MMP2	60.0000
KCNN3	60.0000
SDCCAG8	60.0000
TGFBR1	60.0000
SHH	60.0000
FOXE1	60.0000
SATB1	60.0000
MECP2	60.0000
SPOUT1	60.0000
TULP1	60.0000
CDON	60.0000
CHD4	60.0000
RNU4ATAC	60.0000
ALDH4A1	60.0000
DLG3	60.0000
NBN	60.0000
MOCS3	60.0000
SPRED2	60.0000
PCDHGC4	60.0000
GTF2H5	60.0000
CSNK2A1	60.0000
BRIP1	60.0000
NPRL3	60.0000
PPP1R12A	60.0000
GRM7	60.0000
ALDH5A1	60.0000
MAPK10	60.0000
KDM5C	60.0000
PAX1	60.0000
SLC26A4	60.0000
SPRED1	60.0000
GPC3	60.0000
ANK3	60.0000
PRORP	60.0000
RAB23	60.0000
RNF13	60.0000
FGF8	60.0000
MYSM1	60.0000
SDHC	60.0000
PPP1R21	60.0000
RALA	60.0000
TTI2	60.0000
COL2A1	60.0000
SMC5	60.0000
IGF1R	60.0000
CACNA1H	60.0000
TKT	60.0000
BBS12	60.0000
DPH2	60.0000
MGP	60.0000
IFT172	60.0000
TTC8	60.0000
PDPN	60.0000
PUS3	60.0000
ERMARD	60.0000
DPAGT1	60.0000
PRDM16	60.0000
CFAP418	60.0000
PPP2R5C	60.0000
ZNF462	60.0000
POLR3A	60.0000
UBE2A	60.0000
ASXL2	60.0000
MPLKIP	60.0000
SCN4A	60.0000
SMARCAL1	60.0000
TMEM70	60.0000
CHRNB2	60.0000
RAD51	60.0000
MVK	60.0000
MORC2	60.0000
USP8	60.0000
TWIST1	60.0000
ARNT2	60.0000
SDHB	60.0000
DPYSL5	60.0000
BBS7	60.0000
EEFSEC	60.0000
PPP2CA	60.0000
DNA2	60.0000
ASPM	60.0000
ACBD6	60.0000
MYO9A	60.0000
STIL	60.0000
PAX3	60.0000
AP4E1	60.0000
MAOA	60.0000
IDS	60.0000
KIF14	60.0000
FAR1	60.0000
DYNC1I2	60.0000
UBE2T	60.0000
CDH15	60.0000
GLYCTK	60.0000
BCL11A	60.0000
TCEAL1	60.0000
PRKCZ	60.0000
PMM2	60.0000
NKX2-1	60.0000
SDHD	60.0000
LEMD3	60.0000
PEX16	60.0000
SEL1L	60.0000
POMT1	60.0000
TUBGCP4	60.0000
CHSY1	60.0000
BBIP1	60.0000
PRRT2	60.0000
ADGRG1	60.0000
DOCK7	60.0000
NAV3	60.0000
COLQ	60.0000
EED	60.0000
CHRNA2	60.0000
NOVA2	60.0000
GJA1	60.0000
TCTN3	60.0000
PEX2	60.0000
PDE6D	60.0000
SUMF1	60.0000
TRAF7	60.0000
SLC2A10	60.0000
TUBA1A	60.0000
C2CD3	60.0000
IQSEC1	60.0000
GNPTG	60.0000
TOR1A	60.0000
SMS	60.0000
PRDX1	60.0000
POLR1A	60.0000
SOX3	60.0000
PEX6	60.0000
TRRAP	60.0000
FBLN5	60.0000
PIDD1	60.0000
KCNAB2	60.0000
CRB1	60.0000
TNNT1	60.0000
ERCC3	60.0000
LMNA	60.0000
FANCM	60.0000
UBE3B	60.0000
SNAP29	60.0000
FBN1	60.0000
NKX2-5	60.0000
GTPBP1	60.0000
RMRP	60.0000
GNAS	60.0000
CPAP	60.0000
LIFR	60.0000
NECTIN1	60.0000
YME1L1	60.0000
KDM5B	60.0000
UBTF	60.0000
TIMM8A	60.0000
JAG2	60.0000
SHMT2	60.0000
BSCL2	60.0000
VAMP1	60.0000
SETD1A	60.0000
TPM2	60.0000
ZBTB24	60.0000
DDB1	60.0000
PPP2R3C	60.0000
DOLK	60.0000
EFNB1	60.0000
PRMT7	60.0000
NEUROD2	60.0000
PYCR2	60.0000
RSPRY1	60.0000
FEM1B	60.0000
FANCI	60.0000
ORC6	60.0000
PEX12	60.0000
IKBKG	60.0000
WDFY3	60.0000
CUL4B	60.0000
PNKP	60.0000
B3GLCT	60.0000
MBOAT7	60.0000
SGSM3	60.0000
RFWD3	60.0000
ATP2B1	60.0000
DNMT3A	60.0000
SLC25A22	60.0000
OTC	60.0000
TSEN15	60.0000
FBXO22	60.0000
BRPF1	60.0000
ASL	60.0000
HNRNPH1	60.0000
TRIP12	60.0000
SLC35A2	60.0000
LAS1L	60.0000
FANCC	60.0000
STT3A	60.0000
KCNJ8	60.0000
UNC80	60.0000
ALG11	60.0000
TM2D3	60.0000
CNOT3	60.0000
AMER1	60.0000
SLC5A7	60.0000
VPS11	60.0000
BBS4	60.0000
ADAT3	60.0000
ITPR3	60.0000
KNSTRN	60.0000
BMP1	60.0000
OFD1	60.0000
GTF2E2	60.0000
RECQL4	60.0000
PDGFRB	60.0000
EYA1	60.0000
FAAP100	60.0000
SEPSECS	60.0000
ANTXR1	60.0000
HS2ST1	60.0000
PLA2G6	60.0000
BGN	60.0000
KCNA4	60.0000
RBMX	60.0000
BIN1	60.0000
DCX	60.0000
CDCA7	60.0000
MIR17HG	60.0000
EBP	60.0000
NTNG2	60.0000
FANCF	60.0000
ATP7A	60.0000
CHRNA4	60.0000
AP4S1	60.0000
ZBTB7A	60.0000
DHX9	60.0000
AP4B1	60.0000
USP45	60.0000
SLC16A2	60.0000
PLAA	60.0000
CENPE	60.0000
EFL1	60.0000
MTSS2	60.0000
DMXL2	60.0000
THOC2	60.0000
PAX8	60.0000
GLB1	60.0000
HNRNPC	60.0000
IL1RAPL1	60.0000
PEX7	60.0000
LCA5	60.0000
SYT1	60.0000
ATG7	60.0000
RPS6KA3	60.0000
CACNA1E	60.0000
CLN8	60.0000
CTNND2	60.0000
CLIC2	60.0000
HERC1	60.0000
SOST	60.0000
PRKAR1A	60.0000
POU1F1	60.0000
SPEG	60.0000
MMP14	60.0000
GLRA2	60.0000
CAMK2B	60.0000
PHF8	60.0000
ASAH1	60.0000
FOXP2	60.0000
WWOX	60.0000
NRCAM	60.0000
NGLY1	60.0000
XYLT1	60.0000
MAD2L2	60.0000
TCTN1	60.0000
DNAJC12	60.0000
SCARF2	60.0000
CRH	60.0000
ACSL4	60.0000
SLC26A2	60.0000
KANSL1	60.0000
AASS	60.0000
NSMCE2	60.0000
CUX2	60.0000
CEP104	60.0000
SOX2	60.0000
BAIAP2	60.0000
PAX2	60.0000
KIAA0753	60.0000
KIF15	60.0000
TGFBR2	60.0000
CEP63	60.0000
SLITRK2	60.0000
PEX10	60.0000
GNAI1	60.0000
LMX1B	60.0000
SLC35A3	60.0000
LUZP1	60.0000
SKIC2	60.0000
KIF4A	60.0000
HSD17B10	60.0000
MMACHC	60.0000
COX7B	60.0000
MRAS	60.0000
KATNIP	60.0000
PALB2	60.0000
NLGN1	60.0000
ATAD3A	60.0000
ZBTB18	60.0000
PAN2	60.0000
TRIP13	60.0000
TP53	60.0000
TGIF1	60.0000
TOE1	60.0000
CLCNKB	60.0000
CDKN1C	60.0000
AP1G1	60.0000
DDC	60.0000
SCUBE3	60.0000
PORCN	60.0000
RTTN	60.0000
TRPS1	60.0000
CEP19	60.0000
MAP3K7	60.0000
SLC6A19	60.0000
PIGS	60.0000
TBC1D2B	60.0000
UBE3C	60.0000
GHR	60.0000
SCN9A	60.0000
CRTAP	60.0000
RDH11	60.0000
CHST14	60.0000
FHL1	60.0000
COL9A3	60.0000
PAK2	60.0000
TCTN2	60.0000
HGSNAT	60.0000
STRADA	60.0000
PLCB4	60.0000
SEC23B	60.0000
COL1A2	60.0000
MTRFR	60.0000
COG5	60.0000
FANCA	60.0000
AIFM1	60.0000
KAT6B	60.0000
MLXIPL	60.0000
BRCA1	60.0000
HNF1B	60.0000
SEMA5A	60.0000
DNMT3B	60.0000
ERCC6	60.0000
KATNB1	60.0000
TUBB	60.0000
PEPD	60.0000
ADAMTS3	60.0000
CTSA	60.0000
IQCB1	60.0000
SLC17A5	60.0000
LSS	60.0000
FIBP	60.0000
KIF11	60.0000
TRIM8	60.0000
SRPX2	60.0000
KLF13	60.0000
BUB1B	60.0000
PIGP	60.0000
ASXL1	60.0000
CRIPTO	60.0000
SLC18A3	60.0000
IFT27	60.0000
CAMK2G	60.0000
KCNJ1	60.0000
DCDC2	60.0000
FBXO31	60.0000
ABCC9	60.0000
MAN2B1	60.0000
MGAT2	60.0000
TCF12	60.0000
TRAPPC14	60.0000
SIK1	60.0000
CHD1	60.0000
PRKACA	60.0000
FTCD	60.0000
DPYD	60.0000
H4C11	60.0000
TSHB	60.0000
SLC32A1	60.0000
USF3	60.0000
BRWD3	60.0000
TRAIP	60.0000
TRMT10A	60.0000
NIN	60.0000
STAT3	60.0000
FILIP1	60.0000
DCHS1	60.0000
CPSF3	60.0000
COG2	60.0000
FLNA	60.0000
PIK3R1	60.0000
RNF113A	60.0000
TCOF1	60.0000
HRAS	60.0000
BCL11B	60.0000
SYT2	60.0000
DDX59	60.0000
CHRNG	60.0000
TMTC3	60.0000
CWC27	60.0000
ERCC8	60.0000
NPRL2	60.0000
XRCC4	60.0000
NLGN3	60.0000
FLNB	60.0000
MKKS	60.0000
POLR1B	60.0000
SPOP	60.0000
GUCY2D	60.0000
HECW2	60.0000
LZTFL1	60.0000
ZEB2	60.0000
CDK10	60.0000
BBS1	60.0000
BSND	60.0000
SMAD4	60.0000
PLXND1	60.0000
SRY	60.0000
RAF1	60.0000
NBEA	60.0000
AFF2	60.0000
MOCS1	60.0000
PEX1	60.0000
CHST3	60.0000
HELLS	60.0000
MAP2K2	60.0000
NODAL	60.0000
DTNA	60.0000
ARL3	60.0000
NDUFB11	60.0000
PIGU	60.0000
COL6A1	60.0000
GRIA3	60.0000
ROR2	60.0000
PIK3CD	60.0000
MMP23B	60.0000
BUB3	60.0000
CCBE1	60.0000
CEP295	60.0000
IDUA	60.0000
PANK2	60.0000
KPTN	60.0000
DHRSX	60.0000
ACTB	60.0000
OTX2	60.0000
SGSH	60.0000
ALG12	60.0000
LGI3	60.0000
CTDP1	60.0000
ARSB	60.0000
CDC42	60.0000
TECPR2	60.0000
MAF	60.0000
ARMC9	60.0000
RD3	60.0000
KLC4	60.0000
TBC1D7	60.0000
RRAS	60.0000
PEX5	60.0000
POLR1C	60.0000
RDH12	60.0000
PRPS1	60.0000
TUBB2B	60.0000
RUSC2	60.0000
GAMT	60.0000
ADARB1	60.0000
CPA6	60.0000
RORA	60.0000
EMILIN1	60.0000
FIG4	60.0000
TUBB3	60.0000
ERCC1	60.0000
CRLF1	60.0000
RPGRIP1	60.0000
GNB5	60.0000
PHACTR1	60.0000
UBE4B	60.0000
IMPDH1	60.0000
TNIK	60.0000
GATAD2B	60.0000
APC	60.0000
CPLANE1	60.0000
CABP4	60.0000
COQ4	60.0000
BUD13	60.0000
SBDS	60.0000
FAT4	60.0000
FOXH1	60.0000
IFT140	60.0000
COL13A1	60.0000
B9D2	60.0000
HEXB	60.0000
TRA2B	60.0000
TDP2	60.0000
ITPR1	60.0000
BORCS8	60.0000
DISP1	60.0000
SP7	60.0000
CEP120	60.0000
AP4M1	60.0000
ARL6	60.0000
NTNG1	60.0000
PTCH2	60.0000
KDM6A	60.0000
RHOA	60.0000
RPE65	60.0000
NSDHL	60.0000
SCN2A	60.0000
PGM3	60.0000
RBSN	60.0000
DCAF17	60.0000
SLC25A36	60.0000
LHX3	60.0000
SOS1	60.0000
CASZ1	60.0000
VPS13B	60.0000
GMPPA	60.0000
FANCB	60.0000
IVD	60.0000
GATM	60.0000
SCLT1	60.0000
EMC1	60.0000
CHAMP1	60.0000
SF3B4	60.0000
AHCY	60.0000
DNAJC19	60.0000
COL3A1	60.0000
HCCS	60.0000
RBBP8	60.0000
TRAPPC9	60.0000
CA2	60.0000
RPL17	60.0000
PLP1	40.0000
DLX5	40.0000
PLEKHG2	40.0000
DYNC1H1	40.0000
MMUT	40.0000
SPTSSA	40.0000
GATA6	40.0000
B3GAT3	40.0000
VMA21	40.0000
GDI1	40.0000
DENND5A	40.0000
RFT1	40.0000
COA8	40.0000
SLC29A3	40.0000
NDUFA1	40.0000
MTR	40.0000
MBTPS2	40.0000
KLHL41	40.0000
CTSD	40.0000
RAB3GAP1	40.0000
CNTN1	40.0000
ZNF407	40.0000
COL6A2	40.0000
PPP1CB	40.0000
ZNF341	40.0000
DSG4	40.0000
ITCH	40.0000
MAX	40.0000
CRPPA	40.0000
AQP2	40.0000
NELFA	40.0000
SLC5A5	40.0000
COPB1	40.0000
ZNHIT3	40.0000
INTS1	40.0000
CYB5A	40.0000
HNRNPA2B1	40.0000
CCDC47	40.0000
TANGO2	40.0000
DVL3	40.0000
RC3H1	40.0000
TFAP2A	40.0000
MICU1	40.0000
MSH2	40.0000
WBP11	40.0000
ESS2	40.0000
EDEM3	40.0000
AFG3L2	40.0000
GALE	40.0000
ADAMTS17	40.0000
CLCN2	40.0000
DONSON	40.0000
CSF1R	40.0000
SPG7	40.0000
CDC40	40.0000
NOS3	40.0000
POLE	40.0000
CAMK2A	40.0000
ADAM22	40.0000
PLOD3	40.0000
SLC12A5	40.0000
DKC1	40.0000
MYOD1	40.0000
ORC4	40.0000
CRNKL1	40.0000
ACADS	40.0000
POLR1D	40.0000
DDHD2	40.0000
TRAPPC6B	40.0000
ALDOA	40.0000
PCDH12	40.0000
ABHD5	40.0000
SNAI2	40.0000
GSS	40.0000
IRF6	40.0000
NACC1	40.0000
HDAC9	40.0000
SOBP	40.0000
SYP	40.0000
TMEM106B	40.0000
PHOX2A	40.0000
ELOVL1	40.0000
FOLR1	40.0000
CNNM2	40.0000
BLTP1	40.0000
RBM8A	40.0000
VCP	40.0000
CLTRN	40.0000
REV3L	40.0000
MAST3	40.0000
MEGF10	40.0000
TWNK	40.0000
RFXAP	40.0000
ODC1	40.0000
PRICKLE1	40.0000
PMS1	40.0000
WDR45B	40.0000
INPP5K	40.0000
IFT56	40.0000
IMPDH2	40.0000
NHP2	40.0000
RAPGEF2	40.0000
EIF2B4	40.0000
XPC	40.0000
PSEN2	40.0000
HYCC1	40.0000
TSEN2	40.0000
PEX26	40.0000
MYPN	40.0000
CCDC174	40.0000
GNPNAT1	40.0000
BCKDHA	40.0000
POMGNT1	40.0000
SARDH	40.0000
RNASET2	40.0000
GRB10	40.0000
GALC	40.0000
PROP1	40.0000
FRMD5	40.0000
IARS2	40.0000
CCDC22	40.0000
IGBP1	40.0000
DPH5	40.0000
MSX2	40.0000
TAF2	40.0000
JAM2	40.0000
TNFSF11	40.0000
TRH	40.0000
EXOSC9	40.0000
GOT2	40.0000
FA2H	40.0000
POMK	40.0000
MCPH1	40.0000
ARL6IP1	40.0000
PRSS12	40.0000
COASY	40.0000
PTS	40.0000
ALG8	40.0000
KCNJ5	40.0000
HMGB3	40.0000
PGAP1	40.0000
NCAPD3	40.0000
GLRA1	40.0000
ALG6	40.0000
POLD3	40.0000
CCDC88A	40.0000
WDR48	40.0000
RNF220	40.0000
IHH	40.0000
COQ2	40.0000
TMEM43	40.0000
IRX5	40.0000
CA8	40.0000
DUOXA2	40.0000
NPHP3	40.0000
TH	40.0000
CERT1	40.0000
WNT7B	40.0000
ARSA	40.0000
TCP1	40.0000
TTC19	40.0000
MARCHF6	40.0000
PREPL	40.0000
WDR37	40.0000
LEPR	40.0000
CHN1	40.0000
HDAC6	40.0000
MTRR	40.0000
RPS19	40.0000
HCN4	40.0000
NPR2	40.0000
GLDC	40.0000
PCCA	40.0000
CYP2U1	40.0000
OPA3	40.0000
MT-TL1	40.0000
PGM2L1	40.0000
SLC7A7	40.0000
MED23	40.0000
HADHA	40.0000
CIT	40.0000
TBCD	40.0000
SLC3A1	40.0000
PPIL1	40.0000
PCYT2	40.0000
WNK3	40.0000
SLC10A7	40.0000
PRKD1	40.0000
DNAJB4	40.0000
CDH23	40.0000
DOCK6	40.0000
OPA1	40.0000
LMBR1	40.0000
MRPS34	40.0000
MT-ATP6	40.0000
TM4SF20	40.0000
CTH	40.0000
GMNN	40.0000
PSMB8	40.0000
KIDINS220	40.0000
ZNFX1	40.0000
IPO8	40.0000
KCNE5	40.0000
TBK1	40.0000
MAG	40.0000
EMD	40.0000
BMP4	40.0000
NHEJ1	40.0000
ACTA1	40.0000
GRM1	40.0000
CACNA1G	40.0000
GAA	40.0000
OGT	40.0000
VSX2	40.0000
EDN1	40.0000
AMPD2	40.0000
PLXNA1	40.0000
KIF21A	40.0000
PNPLA2	40.0000
WDR11	40.0000
SLC36A2	40.0000
CWF19L1	40.0000
TECR	40.0000
AMFR	40.0000
FGF3	40.0000
ADAR	40.0000
RUBCN	40.0000
ALOXE3	40.0000
METTL23	40.0000
CRADD	40.0000
IRF2BPL	40.0000
LEF1	40.0000
PC	40.0000
CEP83	40.0000
PAX7	40.0000
B3GALT6	40.0000
FKTN	40.0000
TAF8	40.0000
SMG9	40.0000
VIPAS39	40.0000
CLTCL1	40.0000
IYD	40.0000
ATP13A2	40.0000
RXYLT1	40.0000
XPNPEP3	40.0000
TUBGCP6	40.0000
ZNF592	40.0000
GJB2	40.0000
GK	40.0000
NUP37	40.0000
ACO2	40.0000
MCM3AP	40.0000
SELENOI	40.0000
HPRT1	40.0000
KCNK4	40.0000
DGCR8	40.0000
ADGRV1	40.0000
MICAL1	40.0000
ROBO1	40.0000
HSD17B4	40.0000
WASF1	40.0000
IFIH1	40.0000
HAX1	40.0000
TG	40.0000
HNF4A	40.0000
SURF1	40.0000
CDK6	40.0000
PPM1B	40.0000
GJB4	40.0000
CLP1	40.0000
TMEM240	40.0000
PDP1	40.0000
MRAP	40.0000
FUT8	40.0000
SOX9	40.0000
COG7	40.0000
ARHGAP31	40.0000
CAPN15	40.0000
GRIA4	40.0000
HES7	40.0000
FGF10	40.0000
NUP62	40.0000
RAC3	40.0000
NTN1	40.0000
FTO	40.0000
LDHD	40.0000
VPS33A	40.0000
DTYMK	40.0000
LSM7	40.0000
WASHC5	40.0000
NPC2	40.0000
TWIST2	40.0000
CCDC88C	40.0000
GRID2	40.0000
FH	40.0000
COX6B1	40.0000
GPSM2	40.0000
FLT4	40.0000
BCS1L	40.0000
ACP5	40.0000
DNAL4	40.0000
CHRNB1	40.0000
FRA16E	40.0000
COQ8A	40.0000
TINF2	40.0000
SACS	40.0000
SLC18A2	40.0000
SPTBN2	40.0000
PTRHD1	40.0000
SPG11	40.0000
EFTUD2	40.0000
TMEM53	40.0000
LTBP2	40.0000
YY1AP1	40.0000
KLHL7	40.0000
TRPV4	40.0000
ATM	40.0000
FREM1	40.0000
GFPT1	40.0000
MIA3	40.0000
FARSA	40.0000
ANK1	40.0000
GLI1	40.0000
SCNM1	40.0000
MYMK	40.0000
PISD	40.0000
MINPP1	40.0000
SHROOM4	40.0000
OSGEP	40.0000
GPRASP2	40.0000
LRP1	40.0000
ALOX12B	40.0000
NUDT2	40.0000
AP1B1	40.0000
SHOX	40.0000
EXOC2	40.0000
MTHFD1	40.0000
ACAT1	40.0000
MED27	40.0000
TGM6	40.0000
DPM2	40.0000
POMT2	40.0000
CNTN2	40.0000
PMPCB	40.0000
FCSK	40.0000
ZRSR2	40.0000
TALDO1	40.0000
PSMC3	40.0000
PITRM1	40.0000
ARSI	40.0000
MGME1	40.0000
CHASERR	40.0000
EXOC8	40.0000
ALX4	40.0000
CILK1	40.0000
VPS41	40.0000
SEMA4A	40.0000
SPIN4	40.0000
PAM16	40.0000
H1-4	40.0000
EFHC1	40.0000
NLRP3	40.0000
VMA22	40.0000
GBE1	40.0000
ELP2	40.0000
SEC24D	40.0000
USP27X	40.0000
AFG2B	40.0000
GSC	40.0000
WT1	40.0000
KIF5C	40.0000
BICD2	40.0000
ZBTB11	40.0000
THRB	40.0000
CC2D1A	40.0000
HMGCL	40.0000
APP	40.0000
KBTBD13	40.0000
EPCAM	40.0000
WASHC4	40.0000
ETHE1	40.0000
ATP6AP1	40.0000
GAS2	40.0000
GALK1	40.0000
MAB21L2	40.0000
ATP5F1A	40.0000
AVPR2	40.0000
FBXW7	40.0000
TAFAZZIN	40.0000
HSPD1	40.0000
HAAO	40.0000
NEB	40.0000
EPB41L1	40.0000
AP1S1	40.0000
VPS53	40.0000
FZD4	40.0000
TYMP	40.0000
NDC1	40.0000
RYR3	40.0000
EIF2AK3	40.0000
NPAT	40.0000
CRELD1	40.0000
DGCR6	40.0000
ERF	40.0000
PCNA	40.0000
ATP6V0C	40.0000
SYT14	40.0000
PAFAH1B1	40.0000
HNRNPR	40.0000
HINT1	40.0000
VWA3B	40.0000
SLC35A1	40.0000
FOSL2	40.0000
TACO1	40.0000
HPDL	40.0000
GMPPB	40.0000
LRP2	40.0000
PSEN1	40.0000
ATP8A2	40.0000
KYNU	40.0000
CLN5	40.0000
KY	40.0000
MAT1A	40.0000
SNF8	40.0000
LAMA1	40.0000
VARS1	40.0000
ZNF408	40.0000
VPS4A	40.0000
TOMM40	40.0000
KCNQ5	40.0000
AGGF1	40.0000
ARHGEF2	40.0000
MT-TN	40.0000
RPS29	40.0000
PI4KA	40.0000
PNP	40.0000
DDB2	40.0000
PIGB	40.0000
LRP4	40.0000
CHKB	40.0000
DICER1	40.0000
CDT1	40.0000
IDH2	40.0000
KCNMA1	40.0000
UBA1	40.0000
CCND2	40.0000
DNAJC3	40.0000
GTPBP3	40.0000
KCNJ10	40.0000
DLL4	40.0000
PUM1	40.0000
COG4	40.0000
ABCC8	40.0000
CTNS	40.0000
SMAD3	40.0000
SLC12A1	40.0000
SLC2A2	40.0000
KRT81	40.0000
FKRP	40.0000
RBPJ	40.0000
DHCR24	40.0000
MPDU1	40.0000
SH3PXD2B	40.0000
CACNB4	40.0000
PHKA2	40.0000
LAMB1	40.0000
TENM3	40.0000
CYB5R3	40.0000
TDO2	40.0000
HAL	40.0000
CENPT	40.0000
TSEN34	40.0000
B4GALT1	40.0000
NARS1	40.0000
GAN	40.0000
PRNP	40.0000
CAMKMT	40.0000
UCHL1	40.0000
DDR2	40.0000
PTPA	40.0000
NDST1	40.0000
TSPOAP1	40.0000
EVC2	40.0000
KRT83	40.0000
TSEN54	40.0000
TMEM163	40.0000
PKHD1L1	40.0000
GTF2H4	40.0000
SPART	40.0000
ARV1	40.0000
SIX1	40.0000
TREX1	40.0000
ESAM	40.0000
PMPCA	40.0000
STAC3	40.0000
ATP2A2	40.0000
PTDSS1	40.0000
ABHD16A	40.0000
SLC39A14	40.0000
MCM7	40.0000
PRKRA	40.0000
RAP1B	40.0000
SCYL1	40.0000
RAB18	40.0000
SLC16A1	40.0000
ARHGDIA	40.0000
D2HGDH	40.0000
NRXN1	40.0000
RBM10	40.0000
B4GALNT1	40.0000
COMP	40.0000
SASS6	40.0000
PSKH1	40.0000
FOXI1	40.0000
SKOR2	40.0000
ATP2B3	40.0000
PIGC	40.0000
UBB	40.0000
PIGT	40.0000
RPS23	40.0000
COLGALT1	40.0000
SPINK5	40.0000
EGF	40.0000
NDUFA2	40.0000
DCC	40.0000
ATP1A1	40.0000
QDPR	40.0000
SLC25A15	40.0000
TDP1	40.0000
CDK5RAP2	40.0000
SAMD12	40.0000
DIAPH1	40.0000
UFC1	40.0000
AGL	40.0000
ATL1	40.0000
HIBCH	40.0000
STX1B	40.0000
FOCAD	40.0000
MARS1	40.0000
ACD	40.0000
HTT	40.0000
DDX6	40.0000
WDR35	40.0000
COL25A1	40.0000
RIPPLY2	40.0000
BTD	40.0000
SLC4A4	40.0000
PMS2	40.0000
ACTA2	40.0000
HS6ST2	40.0000
PITX3	40.0000
PLPBP	40.0000
NDUFAF1	40.0000
PPFIBP1	40.0000
COG6	40.0000
COL1A1	40.0000
VRK1	40.0000
PDX1	40.0000
PDHX	40.0000
RANBP2	40.0000
KNL1	40.0000
TPO	40.0000
COX15	40.0000
TPH2	40.0000
CFL2	40.0000
IMPA1	40.0000
PNPLA6	40.0000
DHX16	40.0000
FRMD4A	40.0000
DCPS	40.0000
CHKA	40.0000
PHOX2B	40.0000
SECISBP2	40.0000
CNBP	40.0000
TRIP11	40.0000
TAF13	40.0000
SRPK3	40.0000
RRM2B	40.0000
SLC37A4	40.0000
TPM3	40.0000
CCDC28B	40.0000
KIF1C	40.0000
SEC61A1	40.0000
MT-TE	40.0000
CRYM	40.0000
NT5C2	40.0000
TK2	40.0000
LMNB2	40.0000
CHEK2	40.0000
MAGT1	40.0000
PDE10A	40.0000
ADAMTS10	40.0000
PHKG2	40.0000
HOXA2	40.0000
MAFB	40.0000
DOT1L	40.0000
TNFRSF11A	40.0000
ERCC5	40.0000
UQCRQ	40.0000
TLR3	40.0000
TREM2	40.0000
COL4A1	40.0000
KIT	40.0000
PRUNE1	40.0000
CHRNE	40.0000
ADCY3	40.0000
DOHH	40.0000
ZNF668	40.0000
STX4	40.0000
GPR88	40.0000
TRAPPC11	40.0000
KMT2E	40.0000
NOP10	40.0000
DNAJC6	40.0000
THG1L	40.0000
BRCC3	40.0000
AIMP2	40.0000
LAMP2	40.0000
MASP1	40.0000
ANKLE2	40.0000
ABCB7	40.0000
SBF1	40.0000
LINS1	40.0000
KCNQ3	40.0000
PHC1	40.0000
NUP54	40.0000
RAPSN	40.0000
KCNJ2	40.0000
TIMM50	40.0000
LSM11	40.0000
FBLN1	40.0000
ALDOB	40.0000
GABRA3	40.0000
FASTKD2	40.0000
DLG5	40.0000
SUCLG1	40.0000
ERLIN2	40.0000
ARHGEF9	40.0000
SOX18	40.0000
KRT86	40.0000
RRP7A	40.0000
UBR7	40.0000
PPP1R13L	40.0000
STT3B	40.0000
RCBTB1	40.0000
PEX19	40.0000
AQP4	40.0000
SARS1	40.0000
PGK1	40.0000
GCK	40.0000
NOTCH1	40.0000
CERS1	40.0000
MED25	40.0000
MC2R	40.0000
SAR1B	40.0000
BDNF	40.0000
TAC3	40.0000
ORC1	40.0000
TCN2	40.0000
SUOX	40.0000
PDE2A	40.0000
FASTKD5	40.0000
PDHB	40.0000
NDUFAF5	40.0000
TRMT5	40.0000
GBA2	40.0000
RET	40.0000
SORL1	40.0000
MUTYH	40.0000
DARS1	40.0000
TBX6	40.0000
LRP5	40.0000
GGT1	40.0000
WDR62	40.0000
PCCB	40.0000
AHSG	40.0000
PIK3R2	40.0000
ZC4H2	40.0000
WDR4	40.0000
HCFC1	40.0000
TUSC3	40.0000
LTBP1	40.0000
NTRK1	40.0000
NGF	40.0000
UFM1	40.0000
LRRK1	40.0000
GPR161	40.0000
RBM28	40.0000
ALX3	40.0000
CLDN1	40.0000
LIG1	40.0000
KPNA3	40.0000
POC1A	40.0000
RTN4IP1	40.0000
CSTB	40.0000
ST3GAL3	40.0000
MT-TS1	40.0000
RPS17	40.0000
FMN2	40.0000
RNF125	40.0000
CHRNA1	40.0000
SLC1A3	40.0000
GNPAT	40.0000
MAST1	40.0000
MAP3K20	40.0000
FZD2	40.0000
UGP2	40.0000
EML1	40.0000
FBXL3	40.0000
TNRC6A	40.0000
CHRND	40.0000
PSMC1	40.0000
COG8	40.0000
TMEM222	40.0000
CEP135	40.0000
RARS1	40.0000
RNF2	40.0000
TPR	40.0000
FAM50A	40.0000
B4GALT7	40.0000
MMADHC	40.0000
MLYCD	40.0000
GRHL3	40.0000
RTEL1	40.0000
GLIS3	40.0000
RARB	40.0000
PEX14	40.0000
PTF1A	40.0000
KRT85	40.0000
DARS2	40.0000
RNASEH2C	40.0000
MPV17	40.0000
CHMP1A	40.0000
KDSR	40.0000
PHYH	40.0000
FBXO7	40.0000
MIR140	40.0000
RBL2	40.0000
POLRMT	40.0000
PRDM12	40.0000
SUPT7L	40.0000
FREM2	40.0000
RPS20	40.0000
YEATS2	40.0000
LMOD3	40.0000
KCNJ6	40.0000
KCNQ2	40.0000
IKZF2	40.0000
PAX6	40.0000
KANK1	40.0000
PBX1	40.0000
DPP6	40.0000
PLAAT3	40.0000
HNMT	40.0000
RAB3GAP2	40.0000
RIPK4	40.0000
IDH1	40.0000
ANO10	40.0000
SLC35B2	40.0000
AMT	40.0000
MYRF	40.0000
SMAD2	40.0000
KCNJ11	40.0000
CCDC78	40.0000
UROC1	40.0000
VPS13D	40.0000
VPS16	40.0000
GJB3	40.0000
OSTM1	40.0000
KIFBP	40.0000
SCARB2	40.0000
SLC25A4	40.0000
ZMYND11	40.0000
GLRB	40.0000
POLG	40.0000
EXOSC5	40.0000
AAAS	40.0000
HPD	40.0000
IFT122	40.0000
H4C9	40.0000
POMGNT2	40.0000
COLEC10	40.0000
MYL2	40.0000
CISD2	40.0000
PAPPA2	40.0000
AP5Z1	40.0000
TGFB1	40.0000
CLN3	40.0000
TRAPPC4	40.0000
EFEMP2	40.0000
LYST	40.0000
LAGE3	40.0000
EOGT	40.0000
CKAP2L	40.0000
MRPL12	40.0000
FGF14	40.0000
TBCE	40.0000
GNAI3	40.0000
CSNK2B	40.0000
GORAB	40.0000
STARD7	40.0000
ESCO2	40.0000
ZFR	40.0000
POLR3B	40.0000
XYLT2	40.0000
SPTBN4	40.0000
UBR1	40.0000
SHQ1	40.0000
GZF1	40.0000
STUB1	40.0000
AEBP1	40.0000
DAG1	40.0000
SLC6A17	40.0000
SFXN4	40.0000
TCIRG1	40.0000
CLDN11	40.0000
AIMP1	40.0000
NNT	40.0000
POLR2A	40.0000
HEPHL1	40.0000
GLI3	40.0000
COX10	40.0000
GPAA1	40.0000
ATAD1	40.0000
RNU7-1	40.0000
CD96	40.0000
HMBS	40.0000
GCH1	40.0000
RRM1	40.0000
WDR45	40.0000
RNU12	40.0000
GPHN	40.0000
ZFYVE26	40.0000
MSMO1	40.0000
DMD	40.0000
ATIC	40.0000
ALDH7A1	40.0000
MLH1	40.0000
ACOX1	40.0000
KCTD7	40.0000
METTL5	40.0000
RIMS2	40.0000
TMEM63C	40.0000
DIP2B	40.0000
RTN2	40.0000
OXR1	40.0000
FRG1	40.0000
CACNA1D	40.0000
GJB6	40.0000
TBC1D20	40.0000
HNRNPA1	40.0000
WDR73	40.0000
HBA1	40.0000
HACE1	40.0000
ASS1	40.0000
FAM111A	40.0000
SLC25A12	40.0000
DPP9	40.0000
HACD1	40.0000
SALL4	40.0000
TERT	40.0000
ROGDI	40.0000
EIF2AK1	40.0000
DUOX2	40.0000
KIF5A	40.0000
DYNC2LI1	40.0000
DHX37	40.0000
TAT	40.0000
CDC45	40.0000
HHAT	40.0000
STAR	40.0000
MCCC1	40.0000
SPAST	40.0000
PEX3	40.0000
GRIP1	40.0000
ASCL1	40.0000
XPA	40.0000
SMOC1	40.0000
ADRA2B	40.0000
ABCD1	40.0000
EXT1	40.0000
GCLC	40.0000
GPT2	40.0000
HBA2	40.0000
SLC5A6	40.0000
SERPINH1	40.0000
SUCLA2	40.0000
ATP6AP2	40.0000
COPB2	40.0000
RNASEH2A	40.0000
MSX1	40.0000
LAMA2	40.0000
MRPS2	40.0000
ZNF142	40.0000
TRIT1	40.0000
PUS1	40.0000
ATP5F1E	40.0000
ACVR1	40.0000
GUF1	40.0000
DLL3	40.0000
TAF6	40.0000
INS	40.0000
CHD6	40.0000
LYRM7	40.0000
L2HGDH	40.0000
TMEM107	40.0000
NARS2	40.0000
ITGB6	40.0000
SIL1	40.0000
PODXL	40.0000
SMCHD1	40.0000
MRPL39	40.0000
PPIB	40.0000
TTI1	40.0000
IER3IP1	40.0000
WIPI2	40.0000
MCCC2	40.0000
B3GALNT2	40.0000
HNRNPU	40.0000
CLPB	40.0000
FBP1	40.0000
RNASEH2B	40.0000
TMX2	40.0000
UBA2	40.0000
LFNG	40.0000
PIGK	40.0000
EXOSC2	40.0000
SOX10	40.0000
NEMF	40.0000
CSTF2	40.0000
MECOM	40.0000
TMEM63B	40.0000
MARS2	40.0000
KIF1A	40.0000
CORO1A	40.0000
PPT1	40.0000
YARS2	40.0000
TRAPPC10	40.0000
MYMX	40.0000
MTFMT	40.0000
ENTPD1	40.0000
RNF213	40.0000
SLC6A5	40.0000
GPI	40.0000
FBXL4	40.0000
ADAMTS15	40.0000
MT-TL2	40.0000
CDH1	40.0000
RB1	40.0000
ARG1	40.0000
ALDH3A2	40.0000
P3H1	40.0000
MESP2	40.0000
TXNRD2	40.0000
APTX	40.0000
TSPAN12	40.0000
SLC4A10	40.0000
EDC3	40.0000
CD274	40.0000
NSF	40.0000
SEMA6B	40.0000
COLEC11	40.0000
RFXANK	40.0000
PDSS1	40.0000
DAP3	40.0000
RAB11B	40.0000
NAPB	40.0000
PEX13	40.0000
TMEM94	40.0000
CACNG2	40.0000
NCAPH	40.0000
PIK3C2A	40.0000
VPS35L	40.0000
ABCA2	40.0000
LRPPRC	40.0000
NFE2L2	40.0000
DSE	40.0000
NPC1	40.0000
SPR	40.0000
AKT3	40.0000
ARFGEF2	40.0000
ATP7B	40.0000
LRRC8C	40.0000
NUP133	40.0000
EIF2AK2	40.0000
TFAP2B	40.0000
DPM3	40.0000
PPOX	40.0000
CHP1	40.0000
H3-3A	40.0000
THUMPD1	40.0000
GCSH	40.0000
CPS1	40.0000
TARS1	40.0000
SNRPB	40.0000
SCO1	40.0000
DLAT	40.0000
H4C3	40.0000
SBF2	40.0000
OCLN	40.0000
ACADSB	40.0000
SLC46A1	40.0000
MOCS2	40.0000
GRIN2B	40.0000
MTHFR	40.0000
POU3F4	40.0000
ATP10A	40.0000
LBR	40.0000
LIG3	40.0000
NCDN	40.0000
DOCK3	40.0000
DGCR2	40.0000
EVC	40.0000
ADCY5	40.0000
UGT1A1	40.0000
TEFM	40.0000
MSL3	40.0000
SYNE2	40.0000
MOGS	40.0000
SAMHD1	40.0000
MSH6	40.0000
VLDLR	40.0000
MPI	40.0000
SLC1A1	40.0000
PDCD6IP	40.0000
BMP2	40.0000
MYO5A	40.0000
MUSK	40.0000
STRA6	40.0000
TGFB3	40.0000
ALX1	40.0000
PARN	40.0000
LARGE1	40.0000
CACNA2D2	40.0000
HEATR3	40.0000
KDM1A	40.0000
PRDM13	40.0000
MYH3	40.0000
HADH	40.0000
SERAC1	40.0000
YAP1	40.0000
WLS	40.0000
MICOS13	40.0000
RNF168	40.0000
HK1	40.0000
VPS33B	40.0000
ZC3H14	40.0000
B4GAT1	40.0000
NXN	40.0000
SEPHS1	40.0000
NIT1	40.0000
ATN1	40.0000
CACNA1I	40.0000
LINGO1	40.0000
MTM1	40.0000
GLA	40.0000
CUBN	20.0000
SMARCD2	20.0000
RFC4	20.0000
SLC19A2	20.0000
NAXD	20.0000
PLS1	20.0000
DYNC2I2	20.0000
MECR	20.0000
CRLS1	20.0000
DBR1	20.0000
TUBA4A	20.0000
PET117	20.0000
NDUFS1	20.0000
RALGAPA1	20.0000
USB1	20.0000
CAMLG	20.0000
REPS1	20.0000
UQCRC2	20.0000
ATP5F1D	20.0000
CACNA1S	20.0000
EIF3F	20.0000
RPS10	20.0000
MRM2	20.0000
NEK10	20.0000
TOP3A	20.0000
MYORG	20.0000
IL12A	20.0000
ASPA	20.0000
EXOC6B	20.0000
GEMIN5	20.0000
PMP22	20.0000
DOK7	20.0000
SLC39A13	20.0000
EMG1	20.0000
WNT1	20.0000
LIPA	20.0000
NUP214	20.0000
RPL9	20.0000
DNAH5	20.0000
ADA	20.0000
MIPEP	20.0000
SLC25A13	20.0000
MMAB	20.0000
CCDC40	20.0000
SIGMAR1	20.0000
UCP2	20.0000
ELAC2	20.0000
VPS37A	20.0000
CFAP298	20.0000
MT-CO2	20.0000
MYO5B	20.0000
ATP2A1	20.0000
PLAGL1	20.0000
GLE1	20.0000
HADHB	20.0000
DNAH11	20.0000
FITM2	20.0000
INPPL1	20.0000
DNAL1	20.0000
BRWD1	20.0000
PRX	20.0000
RFC1	20.0000
PDK3	20.0000
TASP1	20.0000
VDR	20.0000
UBAC2	20.0000
SIX6	20.0000
COX18	20.0000
STAT4	20.0000
FAM20C	20.0000
NSUN3	20.0000
MRPS22	20.0000
MAD1L1	20.0000
PNPT1	20.0000
CD109	20.0000
PCLO	20.0000
LARS2	20.0000
CAD	20.0000
SLC2A3	20.0000
RPS7	20.0000
INVS	20.0000
FOXF1	20.0000
SIAH1	20.0000
TENT5A	20.0000
STIM1	20.0000
GALM	20.0000
IL23R	20.0000
MT-TT	20.0000
CCDC134	20.0000
KCNT2	20.0000
TUFM	20.0000
PROC	20.0000
CBFB	20.0000
ALK	20.0000
EDNRB	20.0000
RPL26	20.0000
PI4K2A	20.0000
TTPA	20.0000
AGK	20.0000
JPH1	20.0000
OTOG	20.0000
FDX2	20.0000
IL6ST	20.0000
TAMM41	20.0000
ARHGAP29	20.0000
FOXJ1	20.0000
HIKESHI	20.0000
ABCC6	20.0000
DNAAF4	20.0000
RARS2	20.0000
RPL27	20.0000
MYO7A	20.0000
SNUPN	20.0000
MCIDAS	20.0000
ARFGEF1	20.0000
CYP27B1	20.0000
TUBA8	20.0000
DHFR	20.0000
SPG21	20.0000
TMEM38B	20.0000
NDUFA11	20.0000
IFT52	20.0000
PTPMT1	20.0000
GABRB1	20.0000
DLD	20.0000
MT-ATP8	20.0000
NFASC	20.0000
ABCD4	20.0000
TRHR	20.0000
CFAP221	20.0000
TIMMDC1	20.0000
HNF1A	20.0000
SH3TC2	20.0000
ENPP1	20.0000
NDUFA12	20.0000
MAN2B2	20.0000
MTMR14	20.0000
TMEM63A	20.0000
DDOST	20.0000
GFAP	20.0000
GOLGA2	20.0000
CTC1	20.0000
ASNS	20.0000
CFAP300	20.0000
COL4A2	20.0000
CA5A	20.0000
ACAN	20.0000
RPL31	20.0000
NDUFAF8	20.0000
MT-CO3	20.0000
AXIN1	20.0000
STN1	20.0000
MAPT	20.0000
PSAP	20.0000
ISCA2	20.0000
NPM1	20.0000
QARS1	20.0000
NFKB2	20.0000
CCDC39	20.0000
CFAP43	20.0000
ALS2	20.0000
KARS1	20.0000
CDK5	20.0000
STX3	20.0000
NKX3-2	20.0000
HMOX1	20.0000
EXOC3L2	20.0000
COL27A1	20.0000
BNIP1	20.0000
VMA12	20.0000
PCK2	20.0000
SCN11A	20.0000
SC5D	20.0000
PGM1	20.0000
NAT8L	20.0000
TYROBP	20.0000
ARHGAP19	20.0000
ACSF3	20.0000
RSPH4A	20.0000
CBLIF	20.0000
TPP2	20.0000
DNAAF1	20.0000
MTHFS	20.0000
MRPS25	20.0000
KLHL40	20.0000
MT-ND5	20.0000
NDUFS7	20.0000
RNF31	20.0000
LMNB1	20.0000
ATCAY	20.0000
NDUFS2	20.0000
MTPAP	20.0000
NDUFB8	20.0000
MNX1	20.0000
AK9	20.0000
SLC20A2	20.0000
SPAG1	20.0000
DNM2	20.0000
ODAD1	20.0000
PACSIN3	20.0000
FKBP14	20.0000
MCTS1	20.0000
DRC2	20.0000
BMPR1B	20.0000
ACACA	20.0000
JAM3	20.0000
GET4	20.0000
SLC25A26	20.0000
MYL1	20.0000
RPL18	20.0000
ZMYND10	20.0000
RSPH3	20.0000
TGDS	20.0000
TPI1	20.0000
WRAP53	20.0000
SNIP1	20.0000
WDR1	20.0000
PHEX	20.0000
MT-TV	20.0000
TRNT1	20.0000
C9orf72	20.0000
ABAT	20.0000
ISG15	20.0000
C1GALT1C1	20.0000
NCAPG2	20.0000
REEP1	20.0000
TFG	20.0000
TRIM2	20.0000
UQCRFS1	20.0000
RORB	20.0000
SGPL1	20.0000
PLCB3	20.0000
ARHGEF38	20.0000
DNAJB13	20.0000
MT-TW	20.0000
ZNF335	20.0000
ARF1	20.0000
HSPA9	20.0000
PCK1	20.0000
COX4I2	20.0000
DEGS1	20.0000
DSG1	20.0000
LRRC56	20.0000
DNAH9	20.0000
DNAI1	20.0000
UQCC2	20.0000
STK36	20.0000
AUH	20.0000
ARSL	20.0000
DHPS	20.0000
ANAPC7	20.0000
GBF1	20.0000
SLC9A1	20.0000
NDUFA8	20.0000
GLRX5	20.0000
ODAD4	20.0000
SCYL2	20.0000
ATXN3	20.0000
NSMCE3	20.0000
MT-ND3	20.0000
TRAPPC2L	20.0000
OGDH	20.0000
ADD3	20.0000
SARS2	20.0000
MDH2	20.0000
SMAD6	20.0000
TET2	20.0000
GOSR2	20.0000
PHKB	20.0000
G6PC3	20.0000
MT-TK	20.0000
EN1	20.0000
DNAAF5	20.0000
ACTN2	20.0000
SIK3	20.0000
MFSD8	20.0000
ISCA1	20.0000
MANF	20.0000
RIPOR2	20.0000
MPZ	20.0000
ABL1	20.0000
H3-3B	20.0000
MFF	20.0000
DLX4	20.0000
CLCN6	20.0000
MT-TF	20.0000
ACAD8	20.0000
TARDBP	20.0000
COQ5	20.0000
SEC23A	20.0000
RCC1	20.0000
RNH1	20.0000
RPS26	20.0000
CEP164	20.0000
HLA-B	20.0000
VPS51	20.0000
PDGFRA	20.0000
CIB2	20.0000
NRROS	20.0000
NFU1	20.0000
CFAP74	20.0000
FDFT1	20.0000
MESD	20.0000
NDUFV1	20.0000
RPL15	20.0000
ALDH6A1	20.0000
FARS2	20.0000
MAL	20.0000
INTU	20.0000
GJB1	20.0000
DRC4	20.0000
EGR2	20.0000
KLRC4	20.0000
SLC6A3	20.0000
WAS	20.0000
ADA2	20.0000
BTK	20.0000
SLC19A1	20.0000
WDR19	20.0000
AARS2	20.0000
MT-TS2	20.0000
CNOT2	20.0000
TNNC2	20.0000
RPL35	20.0000
CLCN7	20.0000
LYRM4	20.0000
GLUL	20.0000
MED17	20.0000
FUS	20.0000
SERPINF1	20.0000
SPTLC1	20.0000
IL1RN	20.0000
TRMU	20.0000
COL12A1	20.0000
ADAMTS2	20.0000
SLC25A46	20.0000
GCDH	20.0000
ATPAF2	20.0000
EPRS1	20.0000
NEK1	20.0000
NDUFS8	20.0000
RETREG1	20.0000
ADK	20.0000
IL37	20.0000
KRT5	20.0000
CADM3	20.0000
DNAAF19	20.0000
SFTPC	20.0000
GJC2	20.0000
AGTPBP1	20.0000
SLC25A42	20.0000
C18orf32	20.0000
RMND1	20.0000
TNFRSF11B	20.0000
PTCD3	20.0000
IREB2	20.0000
COX20	20.0000
UQCRB	20.0000
PIEZO1	20.0000
RSPH9	20.0000
SLC33A1	20.0000
FOXRED1	20.0000
FGD4	20.0000
GGPS1	20.0000
FARSB	20.0000
SLC25A19	20.0000
BMPER	20.0000
SLC31A1	20.0000
COXFA4	20.0000
GFM2	20.0000
SUGCT	20.0000
SLC19A3	20.0000
MTMR2	20.0000
DCLRE1B	20.0000
UMPS	20.0000
NDUFAF3	20.0000
UGDH	20.0000
NDUFA10	20.0000
GFM1	20.0000
NEFL	20.0000
YIF1B	20.0000
SDHA	20.0000
IFNGR1	20.0000
ADPRS	20.0000
MT-ND6	20.0000
GFER	20.0000
ATP5F1B	20.0000
DNAH7	20.0000
SLC22A5	20.0000
ST3GAL5	20.0000
P4HB	20.0000
KIF2A	20.0000
SIX2	20.0000
DNAAF2	20.0000
MT-CO1	20.0000
RPL11	20.0000
RPL5	20.0000
MEFV	20.0000
ITGA2	20.0000
POLR3GL	20.0000
ATXN7	20.0000
STAMBP	20.0000
MT-ND4	20.0000
EIF4A3	20.0000
COQ7	20.0000
KRT14	20.0000
NDUFB9	20.0000
KLC2	20.0000
CLDN9	20.0000
EXOSC3	20.0000
ACADM	20.0000
EIF2B1	20.0000
SGCB	20.0000
COBLL1	20.0000
MLIP	20.0000
TPK1	20.0000
TRIM71	20.0000
DNAH1	20.0000
HOXA1	20.0000
CHCHD10	20.0000
FLRT1	20.0000
PLEC	20.0000
IL12A-AS1	20.0000
ABCA12	20.0000
MTO1	20.0000
SLC6A9	20.0000
TPRN	20.0000
POLG2	20.0000
C4A	20.0000
VAC14	20.0000
ATG5	20.0000
UNC45A	20.0000
OPLAH	20.0000
TYMS	20.0000
DRC1	20.0000
CCNO	20.0000
TBX4	20.0000
PSMG2	20.0000
TNR	20.0000
POT1	20.0000
FOXP3	20.0000
TKFC	20.0000
TTC12	20.0000
ATP5PO	20.0000
FBN2	20.0000
COX8A	20.0000
SNAPC4	20.0000
SQSTM1	20.0000
DNAAF11	20.0000
SV2A	20.0000
NDUFAF6	20.0000
SDHAF1	20.0000
ITGA2B	20.0000
HPS6	20.0000
GP1BA	20.0000
MPC1	20.0000
VAX1	20.0000
SAMD9	20.0000
ACBD5	20.0000
MYO18B	20.0000
GARS1	20.0000
MYO1H	20.0000
NDUFS4	20.0000
PCDH15	20.0000
FLVCR2	20.0000
TERC	20.0000
NDUFB3	20.0000
LAMC3	20.0000
ZNF526	20.0000
CTSK	20.0000
COX4I1	20.0000
SLC44A1	20.0000
CPT1A	20.0000
NPHP4	20.0000
RPL8	20.0000
PIGH	20.0000
HID1	20.0000
SMPD4	20.0000
CNPY3	20.0000
TRPV6	20.0000
TMEM126B	20.0000
COL5A2	20.0000
PLCB1	20.0000
TRIP4	20.0000
IL10	20.0000
NDUFS6	20.0000
TUBB2A	20.0000
MAPKAPK5	20.0000
TXN2	20.0000
VPS45	20.0000
NAXE	20.0000
COQ9	20.0000
RSPH1	20.0000
ODAD3	20.0000
TARS2	20.0000
DPM1	20.0000
ASCC1	20.0000
PLOD1	20.0000
LNPK	20.0000
NUBPL	20.0000
ALG3	20.0000
INTS8	20.0000
PCBD1	20.0000
CLXN	20.0000
GM2A	20.0000
RPS15A	20.0000
AP3D1	20.0000
TPP1	20.0000
MRPL3	20.0000
MCEE	20.0000
COL5A1	20.0000
CCR1	20.0000
GON7	20.0000
LIPT2	20.0000
LTBP4	20.0000
PTPN23	20.0000
CRAT	20.0000
IBA57	20.0000
FOXA2	20.0000
ATP5MK	20.0000
NDUFS3	20.0000
C19orf12	20.0000
COA7	20.0000
NDUFA13	20.0000
OTUD7A	20.0000
NADK2	20.0000
RPIA	20.0000
NDUFA6	20.0000
EXOSC1	20.0000
CCDC32	20.0000
ATP11A	20.0000
ECHS1	20.0000
MED11	20.0000
ITPA	20.0000
MT-TH	20.0000
MRE11	20.0000
DNM1L	20.0000
TBC1D32	20.0000
DNAAF3	20.0000
UQCC3	20.0000
MRPS14	20.0000
TLR4	20.0000
AMN	20.0000
RNF170	20.0000
YRDC	20.0000
CAMSAP1	20.0000
STX11	20.0000
ROR1	20.0000
MT-ND2	20.0000
USH1C	20.0000
GDAP1	20.0000
ZPR1	20.0000
LIPT1	20.0000
TSFM	20.0000
XPR1	20.0000
NDUFAF4	20.0000
BOLA3	20.0000
ROBO3	20.0000
NSRP1	20.0000
ORAI1	20.0000
HLCS	20.0000
MT-ND1	20.0000
NAGS	20.0000
C2orf69	20.0000
VARS2	20.0000
ITGB3	20.0000
NEXN	20.0000
ACAT2	20.0000
GEMIN4	20.0000
NAE1	20.0000
HYMAI	20.0000
MT-TQ	20.0000
ERAP1	20.0000
HARS1	20.0000
PYGL	20.0000
TSR2	20.0000
SLC30A9	20.0000
KDELR2	20.0000
NME8	20.0000
LARS1	20.0000
ZFP57	20.0000
CYLD	20.0000
YIPF5	20.0000
GLS	20.0000
NDUFC2	20.0000
SGMS2	20.0000
RPS28	20.0000
RMP64	20.0000
FXR1	20.0000
CYP2R1	20.0000
DRG1	20.0000
GATA1	20.0000
CRIPT	20.0000
RPL35A	20.0000
TRAF3IP1	20.0000
ACY1	20.0000
AMACR	20.0000
CHMP2B	20.0000
HSD3B2	20.0000
TRMT1	20.0000
ARPC5	20.0000
HOXB1	20.0000
YWHAE	20.0000
MYH7	20.0000
FTH1	20.0000
RPS27	20.0000
TMEM165	20.0000
NDUFAF2	20.0000
LRRC32	20.0000
NDUFV2	20.0000
GRN	20.0000
AGR2	20.0000
NDUFB10	20.0000
DNASE2	20.0000
KIF26A	20.0000
TRAPPC12	20.0000
MMAA	20.0000
NME5	20.0000
EXOSC8	20.0000
STAT2	20.0000
SPARC	20.0000
CENATAC	20.0000
NAA80	20.0000
GPRC5B	20.0000
MFN2	20.0000
SMG8	20.0000
DNAAF6	20.0000
PRF1	20.0000
SNORD118	20.0000
SPEF2	20.0000
POLR3K	20.0000
BLOC1S6	20.0000
RPS24	20.0000
VPS50	20.0000
MDH1	20.0000
IRF4	20.0000
DAW1	20.0000
MYF6	20.0000
PDGFB	20.0000
ITGAV	20.0000
ESPN	20.0000
ALB	20.0000
NDRG1	20.0000
PIGM	20.0000
PTPRQ	20.0000
FAS	20.0000
CYP3A4	20.0000
LMBRD2	20.0000
DNAI2	20.0000
MCM4	20.0000
EXOC7	20.0000
LIAS	20.0000
ODAD2	20.0000
GAS2L2	20.0000
CD40LG	20.0000
SLC25A20	20.0000
DST	20.0000
DLG1	20.0000
PSAT1	20.0000
HYDIN	20.0000
PRIM1	20.0000
EARS2	20.0000
USH1G	20.0000
TNPO3	20.0000
TMEM185A	20.0000
FNIP1	20.0000
GYS2	20.0000
MMP13	20.0000
COA3	20.0000
MBTPS1	20.0000
GSX2	20.0000
COL6A3	20.0000
RPGR	20.0000
PNPO	20.0000
LTC4S	20.0000
YARS1	20.0000
SOD1	20.0000
HLA-DRB1	20.0000
NOP56	20.0000
TBL1X	20.0000
ZNF365	20.0000
DRD5	20.0000
LHCGR	20.0000
MOG	20.0000
PRKCG	20.0000
SH3KBP1	20.0000
TNFSF4	20.0000
HDC	20.0000
CTSH	20.0000
SLC7A6OS	20.0000
HLA-DQB1	20.0000
SLITRK1	20.0000
HCRT	20.0000
DRD4	20.0000
P2RY11	20.0000
EIF5A	20.0000
SOX17	20.0000
ZFPM2	20.0000
PTCRA	20.0000
STX16	20.0000
SPRTN	20.0000
ABCA5	20.0000
EDNRA	20.0000
NOG	20.0000
TNNT3	20.0000
NR3C1	20.0000
AGTR1	20.0000
THPO	20.0000
OBSL1	20.0000
ANKH	20.0000
AGT	20.0000
PITX2	20.0000
SEC31A	20.0000
PAICS	20.0000
BNC2	20.0000
TGFA	20.0000
KCNQ1	20.0000
ZMPSTE24	20.0000
HPGD	20.0000
LTBP3	20.0000
ASPH	20.0000
KIF22	20.0000
ITGA3	20.0000
COL11A2	20.0000
GPR101	20.0000
RECQL	20.0000
ETFB	20.0000
TBX22	20.0000
RUNX2	20.0000
HOXD13	20.0000
TOMM7	20.0000
SUMO1	20.0000
USP48	20.0000
PRKG2	20.0000
AIP	20.0000
SGCG	20.0000
TAPT1	20.0000
PKD2	20.0000
IFT57	20.0000
LEMD2	20.0000
RIN2	20.0000
REN	20.0000
GDF3	20.0000
GFRA1	20.0000
BPNT2	20.0000
HYOU1	20.0000
GINS1	20.0000
EDA	20.0000
PYROXD1	20.0000
ETFDH	20.0000
COL11A1	20.0000
FN1	20.0000
MYH8	20.0000
RFX5	20.0000
WRN	20.0000
FKBP10	20.0000
COL9A2	20.0000
CTNND1	20.0000
NKX2-6	20.0000
ACE	20.0000
SEPTIN9	20.0000
WNT10A	20.0000
TSPEAR	20.0000
PKHD1	20.0000
MEN1	20.0000
PDE11A	20.0000
ETFA	20.0000
PAX9	20.0000
SH3BP2	20.0000
CAV1	20.0000
SLCO2A1	20.0000
EDARADD	20.0000
ACTG2	20.0000
MPL	20.0000
AKT2	20.0000
ARSK	20.0000
FGF20	20.0000
ADGRG6	20.0000
LAMTOR2	20.0000
SIX5	20.0000
HPSE2	20.0000
ANOS1	20.0000
ECEL1	20.0000
MEOX1	20.0000
LOXL3	20.0000
TNNI2	20.0000
CEP55	20.0000
WNT7A	20.0000
PLOD2	20.0000
CIITA	20.0000
LRP6	20.0000
IFITM5	20.0000
CCDC8	20.0000
MATN3	20.0000
ITGA8	20.0000
WNT10B	20.0000
MTX2	20.0000
EFEMP1	20.0000
FGF9	20.0000
ADAMTSL1	20.0000
CLCF1	20.0000
JAK3	20.0000
G6PC1	20.0000
TMEM260	20.0000
GREM2	20.0000
CCN2	20.0000
MRPS28	20.0000
NBAS	20.0000
THSD1	20.0000
ARMC5	20.0000
COL9A1	20.0000
