SNV/indel,CNV,STR,Mitochondria
AARS2,AARS2,,MT-ATP6
AASS,AASS,,MT-ATP8
ABAT,ABAT,,MT-CO1
ABCA1,ABCA1,,MT-CO2
ABCB11,ABCB11,,MT-CO3
ABCB4,ABCB4,,MT-CYB
ABCB7,ABCB7,,MT-ND1
ABCD1,ABCD1,,MT-ND2
ABCD4,ABCD4,,MT-ND3
ABCG5,ABCG5,,MT-ND4
ABCG8,ABCG8,,MT-ND4L
ABHD12,ABHD12,,MT-ND5
ABHD5,ABHD5,,MT-ND6
ACACA,ACACA,,MT-RNR1
ACAD8,ACAD8,,MT-TA
ACAD9,ACAD9,,MT-TC
ACADM,ACADM,,MT-TD
ACADS,ACADS,,MT-TE
ACADSB,ACADSB,,MT-TF
ACADVL,ACADVL,,MT-TG
ACAT1,ACAT1,,MT-TH
ACO2,ACO2,,MT-TI
ACOX1,ACOX1,,MT-TK
ACOX2,ACOX2,,MT-TL1
ACSF3,ACSF3,,MT-TL2
ACTL6B,ACTL6B,,MT-TM
ACY1,ACY1,,MT-TN
ADA,ADA,,MT-TP
ADAR,ADAR,,MT-TQ
ADARB1,ADARB1,,MT-TR
ADGRG1,ADGRG1,,MT-TS1
ADPRHL2,ADPRHL2,,MT-TS2
ADSL,ADSL,,MT-TT
AFF3,AFF3,,MT-TV
AFG3L2,AFG3L2,,MT-TW
AGA,AGA,,MT-TY
AGK,AGK,,
AGL,AGL,,
AGO1,AGO1,,
AGPS,AGPS,,
AGXT,AGXT,,
AHCY,AHCY,,
AIFM1,AIFM1,,
AIMP1,AIMP1,,
AKR1D1,AKR1D1,,
AKT3,AKT3,,
ALAD,ALAD,,
ALAS2,ALAS2,,
ALDH18A1,ALDH18A1,,
ALDH3A2,ALDH3A2,,
ALDH4A1,ALDH4A1,,
ALDH5A1,ALDH5A1,,
ALDH6A1,ALDH6A1,,
ALDH7A1,ALDH7A1,,
ALDOA,ALDOA,,
ALDOB,ALDOB,,
ALG1,ALG1,,
ALG11,ALG11,,
ALG12,ALG12,,
ALG13,ALG13,,
ALG14,ALG14,,
ALG3,ALG3,,
ALG6,ALG6,,
ALG8,ALG8,,
ALG9,ALG9,,
ALKBH8,ALKBH8,,
ALPL,ALPL,,
AMACR,AMACR,,
AMN,AMN,,
AMPD2,AMPD2,,
AMT,AMT,,
ANK2,ANK2,,
ANKRD11,ANKRD11,,
ANO10,ANO10,,
ANO4,ANO4,,
AP1G1,AP1G1,,
AP2M1,AP2M1,,
AP3B2,AP3B2,,
APC2,APC2,,
APOA1,APOA1,,
APOA5,APOA5,,
APOB,APOB,,
APOC2,APOC2,,
APOE,APOE,,
APOPT1,APOPT1,,
APRT,APRT,,
APTX,APTX,,
ARF1,ARF1,,
ARF3,ARF3,,
ARFGEF1,ARFGEF1,,
ARFGEF2,ARFGEF2,,
ARG1,ARG1,,
ARHGEF9,ARHGEF9,,
ARID1B,ARID1B,,
ARSA,ARSA,,
ARSB,ARSB,,
ARSE,ARSE,,
ARSG,ARSG,,
ARSK,ARSK,,
ARV1,ARV1,,
ARX,ARX,,
ASAH1,ASAH1,,
ASH1L,ASH1L,,
ASL,ASL,,
ASNS,ASNS,,
ASPA,ASPA,,
ASS1,ASS1,,
ASXL3,ASXL3,,
ATAD3A,ATAD3A,,
ATIC,ATIC,,
ATN1,ATN1,,
ATP13A2,ATP13A2,,
ATP1A1,ATP1A1,,
ATP1A2,ATP1A2,,
ATP1A3,ATP1A3,,
ATP5A1,ATP5A1,,
ATP5D,ATP5D,,
ATP5E,ATP5E,,
ATP5G3,ATP5G3,,
ATP5O,ATP5O,,
ATP6AP1,ATP6AP1,,
ATP6V0A1,ATP6V0A1,,
ATP6V0A2,ATP6V0A2,,
ATP6V0C,ATP6V0C,,
ATP6V1A,ATP6V1A,,
ATP7A,ATP7A,,
ATP7B,ATP7B,,
ATP8B1,ATP8B1,,
ATPAF2,ATPAF2,,
ATRX,ATRX,,
AUH,AUH,,
B3GALNT2,B3GALNT2,,
B3GALT6,B3GALT6,,
B3GAT3,B3GAT3,,
B3GLCT,B3GLCT,,
B4GALNT1,B4GALNT1,,
B4GALT1,B4GALT1,,
B4GALT7,B4GALT7,,
BAAT,BAAT,,
BAP1,BAP1,,
BCAT2,BCAT2,,
BCKDHA,BCKDHA,,
BCKDHB,BCKDHB,,
BCKDK,BCKDK,,
BCS1L,BCS1L,,
BOLA3,BOLA3,,
BRAF,BRAF,,
BRAT1,BRAT1,,
BRSK1,BRSK1,,
BSCL2,BSCL2,,
BTD,BTD,,
C12orf57,C12orf57,,
C12orf65,C12orf65,,
C12orf66,C12orf66,,
C19orf12,C19orf12,,
C19orf70,C19orf70,,
C1QBP,C1QBP,,
C2orf69,C2orf69,,
CA5A,CA5A,,
CACNA1A,CACNA1A,,
CACNA1B,CACNA1B,,
CACNA1C,CACNA1C,,
CACNA1D,CACNA1D,,
CACNA1E,CACNA1E,,
CACNA1G,CACNA1G,,
CACNA1I,CACNA1I,,
CACNA2D2,CACNA2D2,,
CAD,CAD,,
CAMSAP1,CAMSAP1,,
CAPRIN1,CAPRIN1,,
CARS2,CARS2,,
CASK,CASK,,
CAT,CAT,,
CBS,CBS,,
CC2D2A,CC2D2A,,
CCDC115,CCDC115,,
CCDC88A,CCDC88A,,
CDK19,CDK19,,
CDK5,CDK5,,
CDKL5,CDKL5,,
CELF2,CELF2,,
CEP85L,CEP85L,,
CERS1,CERS1,,
CHCHD10,CHCHD10,,
CHD2,CHD2,,
CHD4,CHD4,,
CHD5,CHD5,,
CHKA,CHKA,,
CHKB,CHKB,,
CHRNA2,CHRNA2,,
CHRNA4,CHRNA4,,
CHRNB2,CHRNB2,,
CHST14,CHST14,,
CHST3,CHST3,,
CHST6,CHST6,,
CHSY1,CHSY1,,
CIC,CIC,,
CISD2,CISD2,,
CLCN3,CLCN3,,
CLCN4,CLCN4,,
CLDN16,CLDN16,,
CLDN19,CLDN19,,
CLDN5,CLDN5,,
CLN3,CLN3,,
CLN5,CLN5,,
CLN6,CLN6,,
CLN8,CLN8,,
CLPB,CLPB,,
CLPP,CLPP,,
CLTC,CLTC,,
CMPK2,CMPK2,,
CNKSR2,CNKSR2,,
CNNM2,CNNM2,,
CNOT9,CNOT9,,
CNPY3,CNPY3,,
CNTN2,CNTN2,,
CNTNAP2,CNTNAP2,,
COA6,COA6,,
COA7,COA7,,
COG1,COG1,,
COG4,COG4,,
COG5,COG5,,
COG6,COG6,,
COG7,COG7,,
COG8,COG8,,
COL18A1,COL18A1,,
COL4A1,COL4A1,,
COL4A2,COL4A2,,
COL4A3BP,COL4A3BP,,
COQ2,COQ2,,
COQ4,COQ4,,
COQ6,COQ6,,
COQ7,COQ7,,
COQ8A,COQ8A,,
COQ8B,COQ8B,,
COQ9,COQ9,,
COX10,COX10,,
COX11,COX11,,
COX14,COX14,,
COX15,COX15,,
COX18,COX18,,
COX20,COX20,,
COX4I1,COX4I1,,
COX5A,COX5A,,
COX6A1,COX6A1,,
COX6A2,COX6A2,,
COX6B1,COX6B1,,
COX7B,COX7B,,
CP,CP,,
CPLX1,CPLX1,,
CPOX,CPOX,,
CPS1,CPS1,,
CPT1A,CPT1A,,
CPT2,CPT2,,
CREB3L3,CREB3L3,,
CREBBP,CREBBP,,
CRELD1,CRELD1,,
CRLS1,CRLS1,,
CRNKL1,CRNKL1,,
CSGALNACT1,CSGALNACT1,,
CSNK2B,CSNK2B,,
CSTB,CSTB,,
CTH,CTH,,
CTNNA2,CTNNA2,,
CTNS,CTNS,,
CTSA,CTSA,,
CTSC,CTSC,,
CTSD,CTSD,,
CTSF,CTSF,,
CTSK,CTSK,,
CUBN,CUBN,,
CUL3,CUL3,,
CUL4B,CUL4B,,
CUX1,CUX1,,
CUX2,CUX2,,
CYC1,CYC1,,
CYCS,CYCS,,
CYFIP2,CYFIP2,,
CYP27A1,CYP27A1,,
CYP7B1,CYP7B1,,
D2HGDH,D2HGDH,,
DARS,DARS,,
DARS2,DARS2,,
DBH,DBH,,
DBT,DBT,,
DCX,DCX,,
DCXR,DCXR,,
DDC,DDC,,
DDOST,DDOST,,
DDX3X,DDX3X,,
DEAF1,DEAF1,,
DEGS1,DEGS1,,
DENND5A,DENND5A,,
DEPDC5,DEPDC5,,
DGUOK,DGUOK,,
DHCR24,DHCR24,,
DHCR7,DHCR7,,
DHDDS,DHDDS,,
DHFR,DHFR,,
DHODH,DHODH,,
DHPS,DHPS,,
DHRSX,DHRSX,,
DHTKD1,DHTKD1,,
DHX30,DHX30,,
DIAPH1,DIAPH1,,
DLAT,DLAT,,
DLD,DLD,,
DLL1,DLL1,,
DMXL2,DMXL2,,
DNA2,DNA2,,
DNAJC12,DNAJC12,,
DNAJC19,DNAJC19,,
DNAJC5,DNAJC5,,
DNAJC6,DNAJC6,,
DNM1,DNM1,,
DNM1L,DNM1L,,
DNM2,DNM2,,
DOCK7,DOCK7,,
DOLK,DOLK,,
DPAGT1,DPAGT1,,
DPH5,DPH5,,
DPM1,DPM1,,
DPM2,DPM2,,
DPM3,DPM3,,
DPYD,DPYD,,
DPYS,DPYS,,
DROSHA,DROSHA,,
DTYMK,DTYMK,,
DYM,DYM,,
DYNC1H1,DYNC1H1,,
DYRK1A,DYRK1A,,
EARS2,EARS2,,
EBP,EBP,,
ECHS1,ECHS1,,
EDEM3,EDEM3,,
EEF1A2,EEF1A2,,
EEFSEC,EEFSEC,,
EFTUD2,EFTUD2,,
EHBP1L1,EHBP1L1,,
EHMT1,EHMT1,,
EIF2B1,EIF2B1,,
EIF2B2,EIF2B2,,
EIF2B3,EIF2B3,,
EIF2B4,EIF2B4,,
EIF2B5,EIF2B5,,
EIF2S3,EIF2S3,,
EIF3F,EIF3F,,
EIF4A2,EIF4A2,,
ELAC2,ELAC2,,
ELFN1,ELFN1,,
EMC10,EMC10,,
EML1,EML1,,
ENO3,ENO3,,
ENTPD1,ENTPD1,,
EOGT,EOGT,,
EPB41L3,EPB41L3,,
EPG5,EPG5,,
EPM2A,EPM2A,,
ESAM,ESAM,,
ETFA,ETFA,,
ETFB,ETFB,,
ETFDH,ETFDH,,
ETHE1,ETHE1,,
EXOSC3,EXOSC3,,
EXT1,EXT1,,
EXT2,EXT2,,
FA2H,FA2H,,
FAH,FAH,,
FAR1,FAR1,,
FARS2,FARS2,,
FASTKD2,FASTKD2,,
FBP1,FBP1,,
FBXL4,FBXL4,,
FBXO11,FBXO11,,
FBXO28,FBXO28,,
FDX2,FDX2,,
FDXR,FDXR,,
FECH,FECH,,
FGF12,FGF12,,
FGF13,FGF13,,
FGFR2,FGFR2,,
FGFR3,FGFR3,,
FH,FH,,
FKRP,FKRP,,
FKTN,FKTN,,
FLAD1,FLAD1,,
FLNA,FLNA,,
FLVCR1,FLVCR1,,
FMO3,FMO3,,
FOLR1,FOLR1,,
FOXG1,FOXG1,,
FOXRED1,FOXRED1,,
FRMD5,FRMD5,,
FRRS1L,FRRS1L,,
FTCD,FTCD,,
FUCA1,FUCA1,,
FUK,FUK,,
FUT8,FUT8,,
FXN,FXN,,
FZR1,FZR1,,
G6PC,G6PC,,
G6PC3,G6PC3,,
GAA,GAA,,
GABBR2,GABBR2,,
GABRA1,GABRA1,,
GABRA2,GABRA2,,
GABRA5,GABRA5,,
GABRB1,GABRB1,,
GABRB2,GABRB2,,
GABRB3,GABRB3,,
GABRD,GABRD,,
GABRG2,GABRG2,,
GAD1,GAD1,,
GALC,GALC,,
GALE,GALE,,
GALK1,GALK1,,
GALM,GALM,,
GALNS,GALNS,,
GALNT2,GALNT2,,
GALNT3,GALNT3,,
GALT,GALT,,
GAMT,GAMT,,
GARS,GARS,,
GATM,GATM,,
GBA,GBA,,
GBE1,GBE1,,
GCDH,GCDH,,
GCH1,GCH1,,
GCLC,GCLC,,
GCSH,GCSH,,
GDAP1,GDAP1,,
GFAP,GFAP,,
GFER,GFER,,
GFM1,GFM1,,
GFM2,GFM2,,
GFPT1,GFPT1,,
GIF,GIF,,
GK,GK,,
GLA,GLA,,
GLB1,GLB1,,
GLDC,GLDC,,
GLRA1,GLRA1,,
GLRA2,GLRA2,,
GLRX5,GLRX5,,
GLS,GLS,,
GLUD1,GLUD1,,
GLUL,GLUL,,
GLYCTK,GLYCTK,,
GM2A,GM2A,,
GMPPA,GMPPA,,
GMPPB,GMPPB,,
GNAO1,GNAO1,,
GNAQ,GNAQ,,
GNB1,GNB1,,
GNB5,GNB5,,
GNE,GNE,,
GNMT,GNMT,,
GNPAT,GNPAT,,
GNPTAB,GNPTAB,,
GNPTG,GNPTG,,
GNS,GNS,,
GORAB,GORAB,,
GOSR2,GOSR2,,
GOT2,GOT2,,
GPAA1,GPAA1,,
GPD1,GPD1,,
GPHN,GPHN,,
GPIHBP1,GPIHBP1,,
GRHPR,GRHPR,,
GRIA2,GRIA2,,
GRIA4,GRIA4,,
GRIK2,GRIK2,,
GRIN1,GRIN1,,
GRIN2A,GRIN2A,,
GRIN2B,GRIN2B,,
GRIN2D,GRIN2D,,
GRM7,GRM7,,
GRN,GRN,,
GSS,GSS,,
GSTZ1,GSTZ1,,
GTF3C3,GTF3C3,,
GTPBP2,GTPBP2,,
GTPBP3,GTPBP3,,
GUK1,GUK1,,
GUSB,GUSB,,
GYG1,GYG1,,
GYS1,GYS1,,
GYS2,GYS2,,
H3F3A,H3F3A,,
H3F3B,H3F3B,,
HAAO,HAAO,,
HACE1,HACE1,,
HADH,HADH,,
HADHA,HADHA,,
HADHB,HADHB,,
HAMP,HAMP,,
HARS2,HARS2,,
HAX1,HAX1,,
HCCS,HCCS,,
HCFC1,HCFC1,,
HCN1,HCN1,,
HCN2,HCN2,,
HECTD4,HECTD4,,
HECW2,HECW2,,
HEPACAM,HEPACAM,,
HERC2,HERC2,,
HEXA,HEXA,,
HEXB,HEXB,,
HFE,HFE,,
HFE2,HFE2,,
HGD,HGD,,
HGSNAT,HGSNAT,,
HIBCH,HIBCH,,
HID1,HID1,,
HLCS,HLCS,,
HMBS,HMBS,,
HMGCL,HMGCL,,
HMGCS2,HMGCS2,,
HNRNPH2,HNRNPH2,,
HNRNPR,HNRNPR,,
HNRNPU,HNRNPU,,
HOGA1,HOGA1,,
HPD,HPD,,
HPDL,HPDL,,
HPRT1,HPRT1,,
HPS1,HPS1,,
HRAS,HRAS,,
HS2ST1,HS2ST1,,
HSD11B2,HSD11B2,,
HSD17B10,HSD17B10,,
HSD17B4,HSD17B4,,
HSD3B7,HSD3B7,,
HSPA9,HSPA9,,
HSPD1,HSPD1,,
HTRA2,HTRA2,,
HYAL1,HYAL1,,
IARS2,IARS2,,
IBA57,IBA57,,
IDH2,IDH2,,
IDH3A,IDH3A,,
IDS,IDS,,
IDUA,IDUA,,
IER3IP1,IER3IP1,,
IFIH1,IFIH1,,
IKBKG,IKBKG,,
INPP4A,INPP4A,,
IQSEC2,IQSEC2,,
IRF2BPL,IRF2BPL,,
ISCA1,ISCA1,,
ISCA2,ISCA2,,
ISCU,ISCU,,
ISPD,ISPD,,
ITPA,ITPA,,
IVD,IVD,,
KARS,KARS,,
KAT5,KAT5,,
KAT8,KAT8,,
KCNA1,KCNA1,,
KCNA2,KCNA2,,
KCNA3,KCNA3,,
KCNB1,KCNB1,,
KCNC1,KCNC1,,
KCNC2,KCNC2,,
KCND2,KCND2,,
KCND3,KCND3,,
KCNH1,KCNH1,,
KCNH5,KCNH5,,
KCNJ10,KCNJ10,,
KCNJ11,KCNJ11,,
KCNK4,KCNK4,,
KCNMA1,KCNMA1,,
KCNQ2,KCNQ2,,
KCNQ3,KCNQ3,,
KCNQ5,KCNQ5,,
KCNT1,KCNT1,,
KCNT2,KCNT2,,
KCTD3,KCTD3,,
KCTD7,KCTD7,,
KDM6B,KDM6B,,
KIAA0391,KIAA0391,,
KIAA1109,KIAA1109,,
KIF1A,KIF1A,,
KIF2A,KIF2A,,
KIF5C,KIF5C,,
KLHL20,KLHL20,,
KMT2E,KMT2E,,
KPTN,KPTN,,
KRAS,KRAS,,
KYNU,KYNU,,
L2HGDH,L2HGDH,,
LAMC3,LAMC3,,
LAMP2,LAMP2,,
LARGE1,LARGE1,,
LARS,LARS,,
LARS2,LARS2,,
LBR,LBR,,
LCAT,LCAT,,
LCT,LCT,,
LDHA,LDHA,,
LDLR,LDLR,,
LDLRAP1,LDLRAP1,,
LETM1,LETM1,,
LFNG,LFNG,,
LGI1,LGI1,,
LIAS,LIAS,,
LIG3,LIG3,,
LIPA,LIPA,,
LIPT1,LIPT1,,
LIPT2,LIPT2,,
LMBRD1,LMBRD1,,
LMBRD2,LMBRD2,,
LMF1,LMF1,,
LNPK,LNPK,,
LONP1,LONP1,,
LPIN1,LPIN1,,
LPL,LPL,,
LRPPRC,LRPPRC,,
LSS,LSS,,
LYRM4,LYRM4,,
LYRM7,LYRM7,,
MACF1,MACF1,,
MADD,MADD,,
MAF,MAF,,
MAGT1,MAGT1,,
MAN1B1,MAN1B1,,
MAN2B1,MAN2B1,,
MAN2B2,MAN2B2,,
MANBA,MANBA,,
MAOA,MAOA,,
MAP2K1,MAP2K1,,
MAP2K2,MAP2K2,,
MARK2,MARK2,,
MARS2,MARS2,,
MAST3,MAST3,,
MAST4,MAST4,,
MAT1A,MAT1A,,
MBD5,MBD5,,
MBOAT7,MBOAT7,,
MCCC1,MCCC1,,
MCCC2,MCCC2,,
MCEE,MCEE,,
MCOLN1,MCOLN1,,
MDH2,MDH2,,
MECP2,MECP2,,
MECR,MECR,,
MED11,MED11,,
MED12,MED12,,
MED27,MED27,,
MEF2C,MEF2C,,
MFF,MFF,,
MFN2,MFN2,,
MFSD8,MFSD8,,
MGAT2,MGAT2,,
MGME1,MGME1,,
MICU1,MICU1,,
MINPP1,MINPP1,,
MIPEP,MIPEP,,
MLC1,MLC1,,
MLYCD,MLYCD,,
MMAA,MMAA,,
MMAB,MMAB,,
MMACHC,MMACHC,,
MMADHC,MMADHC,,
MOCS1,MOCS1,,
MOCS2,MOCS2,,
MOGS,MOGS,,
MPC1,MPC1,,
MPDU1,MPDU1,,
MPI,MPI,,
MPV17,MPV17,,
MRM2,MRM2,,
MRPL3,MRPL3,,
MRPL39,MRPL39,,
MRPL44,MRPL44,,
MRPL49,MRPL49,,
MRPS2,MRPS2,,
MRPS22,MRPS22,,
MRPS34,MRPS34,,
MSMO1,MSMO1,,
MSTO1,MSTO1,,
MTHFS,MTHFS,,
MTFMT,MTFMT,,
MTHFR,MTHFR,,
MTO1,MTO1,,
MTOR,MTOR,,
MTPAP,MTPAP,,
MTR,MTR,,
MTRR,MTRR,,
MTTP,MTTP,,
MUT,MUT,,
MVK,MVK,,
NACC1,NACC1,,
NADK2,NADK2,,
NAGA,NAGA,,
NAGLU,NAGLU,,
NAGS,NAGS,,
NAPB,NAPB,,
NARS,NARS,,
NARS2,NARS2,,
NAXD,NAXD,,
NAXE,NAXE,,
NBEA,NBEA,,
NDE1,NDE1,,
NDUFA1,NDUFA1,,
NDUFA10,NDUFA10,,
NDUFA11,NDUFA11,,
NDUFA12,NDUFA12,,
NDUFA13,NDUFA13,,
NDUFA2,NDUFA2,,
NDUFA4,NDUFA4,,
NDUFA6,NDUFA6,,
NDUFA8,NDUFA8,,
NDUFA9,NDUFA9,,
NDUFAF1,NDUFAF1,,
NDUFAF2,NDUFAF2,,
NDUFAF3,NDUFAF3,,
NDUFAF4,NDUFAF4,,
NDUFAF5,NDUFAF5,,
NDUFAF6,NDUFAF6,,
NDUFAF8,NDUFAF8,,
NDUFB10,NDUFB10,,
NDUFB11,NDUFB11,,
NDUFB3,NDUFB3,,
NDUFB7,NDUFB7,,
NDUFB8,NDUFB8,,
NDUFC2,NDUFC2,,
NDUFS1,NDUFS1,,
NDUFS2,NDUFS2,,
NDUFS3,NDUFS3,,
NDUFS4,NDUFS4,,
NDUFS6,NDUFS6,,
NDUFS7,NDUFS7,,
NDUFS8,NDUFS8,,
NDUFV1,NDUFV1,,
NDUFV2,NDUFV2,,
NEDD4L,NEDD4L,,
NEU1,NEU1,,
NEUROD2,NEUROD2,,
NEXMIF,NEXMIF,,
NFS1,NFS1,,
NFU1,NFU1,,
NGLY1,NGLY1,,
NHLRC1,NHLRC1,,
NNT,NNT,,
NOTCH3,NOTCH3,,
NPC1,NPC1,,
NPC2,NPC2,,
NPRL2,NPRL2,,
NPRL3,NPRL3,,
NR4A2,NR4A2,,
NRROS,NRROS,,
NRXN1,NRXN1,,
NSD1,NSD1,,
NSDHL,NSDHL,,
NSRP1,NSRP1,,
NSUN3,NSUN3,,
NT5C3A,NT5C3A,,
NT5E,NT5E,,
NTRK2,NTRK2,,
NUBPL,NUBPL,,
NUP214,NUP214,,
NUS1,NUS1,,
OAT,OAT,,
OCLN,OCLN,,
OCRL,OCRL,,
OGDH,OGDH,,
OGDHL,OGDHL,,
OPA1,OPA1,,
OPA3,OPA3,,
OPHN1,OPHN1,,
OTC,OTC,,
OTUD6B,OTUD6B,,
OTUD7A,OTUD7A,,
OXCT1,OXCT1,,
OXR1,OXR1,,
P4HTM,P4HTM,,
PABPC1,PABPC1,,
PACS1,PACS1,,
PACS2,PACS2,,
PAFAH1B1,PAFAH1B1,,
PAH,PAH,,
PAK1,PAK1,,
PANK2,PANK2,,
PARS2,PARS2,,
PC,PC,,
PCBD1,PCBD1,,
PCCA,PCCA,,
PCCB,PCCB,,
PCDH12,PCDH12,,
PCDH19,PCDH19,,
PCDHGC4,PCDHGC4,,
PCK1,PCK1,,
PCSK9,PCSK9,,
PCYT2,PCYT2,,
PDE12,PDE12,,
PDHA1,PDHA1,,
PDHB,PDHB,,
PDHX,PDHX,,
PDK3,PDK3,,
PDP1,PDP1,,
PDSS1,PDSS1,,
PDSS2,PDSS2,,
PEPD,PEPD,,
PET100,PET100,,
PEX1,PEX1,,
PEX10,PEX10,,
PEX11B,PEX11B,,
PEX12,PEX12,,
PEX13,PEX13,,
PEX14,PEX14,,
PEX16,PEX16,,
PEX19,PEX19,,
PEX2,PEX2,,
PEX26,PEX26,,
PEX3,PEX3,,
PEX5,PEX5,,
PEX6,PEX6,,
PEX7,PEX7,,
PFKM,PFKM,,
PGAM2,PGAM2,,
PGAP2,PGAP2,,
PGAP3,PGAP3,,
PGK1,PGK1,,
PGM1,PGM1,,
PGM2L1,PGM2L1,,
PGM3,PGM3,,
PHACTR1,PHACTR1,,
PHGDH,PHGDH,,
PHKA1,PHKA1,,
PHKA2,PHKA2,,
PHKB,PHKB,,
PHKG2,PHKG2,,
PHYH,PHYH,,
PI4K2A,PI4K2A,,
PIDD1,PIDD1,,
PIGA,PIGA,,
PIGB,PIGB,,
PIGC,PIGC,,
PIGG,PIGG,,
PIGH,PIGH,,
PIGK,PIGK,,
PIGL,PIGL,,
PIGM,PIGM,,
PIGN,PIGN,,
PIGO,PIGO,,
PIGP,PIGP,,
PIGQ,PIGQ,,
PIGS,PIGS,,
PIGT,PIGT,,
PIGU,PIGU,,
PIGV,PIGV,,
PIGW,PIGW,,
PIK3R2,PIK3R2,,
PINK1,PINK1,,
PIP5K1C,PIP5K1C,,
PITRM1,PITRM1,,
PLA2G6,PLA2G6,,
PLAA,PLAA,,
PLCB1,PLCB1,,
PLK1,PLK1,,
PLPBP,PLPBP,,
PLXNA1,PLXNA1,,
PMM2,PMM2,,
PMPCA,PMPCA,,
PMPCB,PMPCB,,
PNKP,PNKP,,
PNP,PNP,,
PNPLA2,PNPLA2,,
PNPLA8,PNPLA8,,
PNPO,PNPO,,
PNPT1,PNPT1,,
POLG,POLG,,
POLG2,POLG2,,
POLRMT,POLRMT,,
POMGNT1,POMGNT1,,
POMGNT2,POMGNT2,,
POMK,POMK,,
POMT1,POMT1,,
POMT2,POMT2,,
POR,POR,,
PPA2,PPA2,,
PPFIBP1,PPFIBP1,,
PPIL1,PPIL1,,
PPOX,PPOX,,
PPP1R3F,PPP1R3F,,
PPP2CA,PPP2CA,,
PPP2R2B,PPP2R2B,,
PPP2R5C,PPP2R5C,,
PPP3CA,PPP3CA,,
PPT1,PPT1,,
PRKAG2,PRKAG2,,
PRMT7,PRMT7,,
PRODH,PRODH,,
PRPF8,PRPF8,,
PRPS1,PRPS1,,
PRRT2,PRRT2,,
PSAP,PSAP,,
PSAT1,PSAT1,,
PTCD3,PTCD3,,
PTEN,PTEN,,
PTPN23,PTPN23,,
PTS,PTS,,
PUM1,PUM1,,
PURA,PURA,,
PUS1,PUS1,,
PYCR1,PYCR1,,
PYGL,PYGL,,
PYGM,PYGM,,
QARS,QARS,,
QDPR,QDPR,,
QRSL1,QRSL1,,
RAB11B,RAB11B,,
RAB18,RAB18,,
RAB5C,RAB5C,,
RAC3,RAC3,,
RALA,RALA,,
RALGAPA1,RALGAPA1,,
RARS,RARS,,
RARS2,RARS2,,
RBCK1,RBCK1,,
RBP4,RBP4,,
RELN,RELN,,
RFT1,RFT1,,
RHEB,RHEB,,
RHOBTB2,RHOBTB2,,
RMND1,RMND1,,
RNASEH1,RNASEH1,,
RNASEH2A,RNASEH2A,,
RNASEH2B,RNASEH2B,,
RNASEH2C,RNASEH2C,,
RNASET2,RNASET2,,
RNF113A,RNF113A,,
RNF13,RNF13,,
RNU2-2P,RNU2-2P,,
RNU4-2,RNU4-2,,
RNU5B-1,RNU5B-1,,
ROGDI,ROGDI,,
RORA,RORA,,
RORB,RORB,,
RPIA,RPIA,,
RPL10,RPL10,,
RRM2B,RRM2B,,
RTN4IP1,RTN4IP1,,
RTTN,RTTN,,
SACS,SACS,,
SAMHD1,SAMHD1,,
SAR1B,SAR1B,,
SARS,SARS,,
SARS2,SARS2,,
SATB1,SATB1,,
SATB2,SATB2,,
SC5D,SC5D,,
SCAF4,SCAF4,,
SCAMP5,SCAMP5,,
SCARB2,SCARB2,,
SCN1A,SCN1A,,
SCN1B,SCN1B,,
SCN2A,SCN2A,,
SCN3A,SCN3A,,
SCN8A,SCN8A,,
SCO1,SCO1,,
SCO2,SCO2,,
SCP2,SCP2,,
SDHA,SDHA,,
SDHAF1,SDHAF1,,
SDHB,SDHB,,
SDHD,SDHD,,
SEC23B,SEC23B,,
SEMA6B,SEMA6B,,
SEPSECS,SEPSECS,,
SERAC1,SERAC1,,
SERPINI1,SERPINI1,,
SETBP1,SETBP1,,
SETD1A,SETD1A,,
SETD1B,SETD1B,,
SETD5,SETD5,,
SETX,SETX,,
SFXN4,SFXN4,,
SGSH,SGSH,,
SHMT2,SHMT2,,
SHQ1,SHQ1,,
SI,SI,,
SIK1,SIK1,,
SKIV2L,SKIV2L,,
SLC12A3,SLC12A3,,
SLC12A5,SLC12A5,,
SLC13A3,SLC13A3,,
SLC13A5,SLC13A5,,
SLC16A1,SLC16A1,,
SLC16A2,SLC16A2,,
SLC17A5,SLC17A5,,
SLC18A2,SLC18A2,,
SLC19A2,SLC19A2,,
SLC19A3,SLC19A3,,
SLC1A2,SLC1A2,,
SLC1A4,SLC1A4,,
SLC22A5,SLC22A5,,
SLC25A1,SLC25A1,,
SLC25A12,SLC25A12,,
SLC25A13,SLC25A13,,
SLC25A15,SLC25A15,,
SLC25A19,SLC25A19,,
SLC25A20,SLC25A20,,
SLC25A22,SLC25A22,,
SLC25A24,SLC25A24,,
SLC25A26,SLC25A26,,
SLC25A3,SLC25A3,,
SLC25A32,SLC25A32,,
SLC25A36,SLC25A36,,
SLC25A38,SLC25A38,,
SLC25A4,SLC25A4,,
SLC25A42,SLC25A42,,
SLC25A46,SLC25A46,,
SLC2A1,SLC2A1,,
SLC2A2,SLC2A2,,
SLC30A10,SLC30A10,,
SLC32A1,SLC32A1,,
SLC35A1,SLC35A1,,
SLC35A2,SLC35A2,,
SLC35C1,SLC35C1,,
SLC35D1,SLC35D1,,
SLC37A4,SLC37A4,,
SLC38A3,SLC38A3,,
SLC39A14,SLC39A14,,
SLC39A4,SLC39A4,,
SLC39A8,SLC39A8,,
SLC3A1,SLC3A1,,
SLC40A1,SLC40A1,,
SLC46A1,SLC46A1,,
SLC4A10,SLC4A10,,
SLC52A2,SLC52A2,,
SLC52A3,SLC52A3,,
SLC5A1,SLC5A1,,
SLC5A6,SLC5A6,,
SLC6A1,SLC6A1,,
SLC6A19,SLC6A19,,
SLC6A3,SLC6A3,,
SLC6A8,SLC6A8,,
SLC7A7,SLC7A7,,
SLC7A9,SLC7A9,,
SLC9A6,SLC9A6,,
SMARCA2,SMARCA2,,
SMARCC2,SMARCC2,,
SMC1A,SMC1A,,
SMPD1,SMPD1,,
SMS,SMS,,
SNAP25,SNAP25,,
SNIP1,SNIP1,,
SNORD118,SNORD118,,
SPATA5,SPATA5,,
SPATA5L1,SPATA5L1,,
SPG7,SPG7,,
SPOUT1,SPOUT1,,
SPR,SPR,,
SPTAN1,SPTAN1,,
SPTBN1,SPTBN1,,
SPTLC1,SPTLC1,,
SPTLC2,SPTLC2,,
SQOR,SQOR,,
SRD5A3,SRD5A3,,
SSBP1,SSBP1,,
SSR4,SSR4,,
ST3GAL3,ST3GAL3,,
ST3GAL5,ST3GAL5,,
STAG1,STAG1,,
STAMBP,STAMBP,,
STRADA,STRADA,,
STS,STS,,
STT3A,STT3A,,
STX1B,STX1B,,
STXBP1,STXBP1,,
SUCLA2,SUCLA2,,
SUCLG1,SUCLG1,,
SUMF1,SUMF1,,
SUOX,SUOX,,
SUPV3L1,SUPV3L1,,
SURF1,SURF1,,
SYN1,SYN1,,
SYNGAP1,SYNGAP1,,
SYNJ1,SYNJ1,,
SZT2,SZT2,,
TACO1,TACO1,,
TAF8,TAF8,,
TALDO1,TALDO1,,
TAMM41,TAMM41,,
TANGO2,TANGO2,,
TARS2,TARS2,,
TAT,TAT,,
TAZ,TAZ,,
TBC1D24,TBC1D24,,
TBC1D2B,TBC1D2B,,
TBCD,TBCD,,
TBCK,TBCK,,
TBL1XR1,TBL1XR1,,
TCF4,TCF4,,
TCN2,TCN2,,
TDP2,TDP2,,
TEFM,TEFM,,
TFAM,TFAM,,
TFE3,TFE3,,
TFR2,TFR2,,
TH,TH,,
TIAM1,TIAM1,,
TIMM50,TIMM50,,
TIMM8A,TIMM8A,,
TIMMDC1,TIMMDC1,,
TK2,TK2,,
TMEM126B,TMEM126B,,
TMEM165,TMEM165,,
TMEM167A,TMEM167A,,
TMEM199,TMEM199,,
TMEM222,TMEM222,,
TMEM5,TMEM5,,
TMEM63B,TMEM63B,,
TMEM70,TMEM70,,
TMX2,TMX2,,
TNPO2,TNPO2,,
TOMM7,TOMM7,,
TOP3A,TOP3A,,
TPK1,TPK1,,
TPP1,TPP1,,
TRA2B,TRA2B,,
TRAK1,TRAK1,,
TRAP1,TRAP1,,
TRAPPC12,TRAPPC12,,
TRAPPC4,TRAPPC4,,
TREX1,TREX1,,
TRIM37,TRIM37,,
TRIM8,TRIM8,,
TRIT1,TRIT1,,
TRMT10C,TRMT10C,,
TRMT5,TRMT5,,
TRMU,TRMU,,
TRNT1,TRNT1,,
TRPM3,TRPM3,,
TRPM6,TRPM6,,
TRPM7,TRPM7,,
TSC1,TSC1,,
TSC2,TSC2,,
TSEN54,TSEN54,,
TSFM,TSFM,,
TTC19,TTC19,,
TTC37,TTC37,,
TTPA,TTPA,,
TUBA1A,TUBA1A,,
TUBB2A,TUBB2A,,
TUBB2B,TUBB2B,,
TUBB3,TUBB3,,
TUBB4A,TUBB4A,,
TUBG1,TUBG1,,
TUBGCP2,TUBGCP2,,
TUFM,TUFM,,
TUSC3,TUSC3,,
TWNK,TWNK,,
TYMP,TYMP,,
U2AF2,U2AF2,,
UBA5,UBA5,,
UBAP2L,UBAP2L,,
UBE2A,UBE2A,,
UBE3A,UBE3A,,
UBR5,UBR5,,
UBR7,UBR7,,
UFM1,UFM1,,
UFSP2,UFSP2,,
UGDH,UGDH,,
UGGT1,UGGT1,,
UGP2,UGP2,,
UGT1A1,UGT1A1,,
UMOD,UMOD,,
UMPS,UMPS,,
UNC13A,UNC13A,,
UNC80,UNC80,,
UPB1,UPB1,,
UQCC2,UQCC2,,
UQCRB,UQCRB,,
UQCRC2,UQCRC2,,
UQCRFS1,UQCRFS1,,
UROD,UROD,,
UROS,UROS,,
USP18,USP18,,
VAMP2,VAMP2,,
VARS,VARS,,
VARS2,VARS2,,
VIPAS39,VIPAS39,,
VKORC1,VKORC1,,
VPS11,VPS11,,
VPS16,VPS16,,
VPS33A,VPS33A,,
VPS33B,VPS33B,,
WARS2,WARS2,,
WASF1,WASF1,,
WDR37,WDR37,,
WDR45,WDR45,,
WDR45B,WDR45B,,
WDR47,WDR47,,
WDR73,WDR73,,
WFS1,WFS1,,
WNK3,WNK3,,
WWOX,WWOX,,
XDH,XDH,,
XPNPEP3,XPNPEP3,,
XYLT1,XYLT1,,
XYLT2,XYLT2,,
YARS2,YARS2,,
YIPF5,YIPF5,,
YWHAG,YWHAG,,
ZBTB18,ZBTB18,,
ZBTB47,ZBTB47,,
ZDHHC9,ZDHHC9,,
ZEB2,ZEB2,,
ZNF142,ZNF142,,
ZNF335,ZNF335,,
ZNFX1,ZNFX1,,
ABCA2,ABCA2,,
ABI2,ABI2,,
ADAM22,ADAM22,,
ADAT3,ADAT3,,
ADD1,ADD1,,
ADGRL1,ADGRL1,,
AIMP2,AIMP2,,
AJAP1,AJAP1,,
ALG2,ALG2,,
ASTN1,ASTN1,,
ATP2B1,ATP2B1,,
ATP5B,ATP5B,,
ATP6AP2,ATP6AP2,,
BAIAP2,BAIAP2,,
BLOC1S1,BLOC1S1,,
BORCS5,BORCS5,,
BORCS8,BORCS8,,
BSN,BSN,,
CACNA1H,CACNA1H,,
CACNA2D1,CACNA2D1,,
CAMK2D,CAMK2D,,
CCDC88C,CCDC88C,,
CCT8,CCT8,,
CD320,CD320,,
CDC42BPB,CDC42BPB,,
CELF4,CELF4,,
CELSR3,CELSR3,,
CLCN7,CLCN7,,
COA3,COA3,,
COASY,COASY,,
COG3,COG3,,
COLGALT1,COLGALT1,,
COX4I2,COX4I2,,
CPSF3,CPSF3,,
CSNK1G1,CSNK1G1,,
CTU2,CTU2,,
DALRD3,DALRD3,,
DCC,DCC,,
DENND5B,DENND5B,,
DHX16,DHX16,,
EFHC1,EFHC1,,
EHHADH,EHHADH,,
EIF2AK2,EIF2AK2,,
EMX2,EMX2,,
ERAL1,ERAL1,,
EXOC7,EXOC7,,
FAM50A,FAM50A,,
FDFT1,FDFT1,,
FSD1L,FSD1L,,
GABRA3,GABRA3,,
GATC,GATC,,
GLI3,GLI3,,
GUF1,GUF1,,
HEATR5B,HEATR5B,,
HOXA1,HOXA1,,
IDH1,IDH1,,
JAKMIP1,JAKMIP1,,
JKAMP,JKAMP,,
KATNB1,KATNB1,,
KCNB2,KCNB2,,
KDM2A,KDM2A,,
KIF1BP,KIF1BP,,
LDHD,LDHD,,
LIPC,LIPC,,
LMAN2L,LMAN2L,,
LMNB1,LMNB1,,
LYST,LYST,,
MAST1,MAST1,,
MED17,MED17,,
MRPS14,MRPS14,,
MRPS16,MRPS16,,
MRPS7,MRPS7,,
MT-RNR2,MT-RNR2,,
NCDN,NCDN,,
NDP,NDP,,
NDUFB9,NDUFB9,,
NECAP1,NECAP1,,
NRDC,NRDC,,
NSF,NSF,,
OPLAH,OPLAH,,
OTX2,OTX2,,
PAICS,PAICS,,
PAK2,PAK2,,
PARP6,PARP6,,
PET117,PET117,,
PPP2R1A,PPP2R1A,,
PRICKLE1,PRICKLE1,,
PRMT9,PRMT9,,
PSPH,PSPH,,
PTF1A,PTF1A,,
PTPMT1,PTPMT1,,
RAB11A,RAB11A,,
RAB3GAP1,RAB3GAP1,,
RAB3GAP2,RAB3GAP2,,
RANBP2,RANBP2,,
RNF2,RNF2,,
RNU4ATAC,RNU4ATAC,,
RPS6KC1,RPS6KC1,,
RUSC2,RUSC2,,
RYR1,RYR1,,
RYR2,RYR2,,
RYR3,RYR3,,
SAMD12,SAMD12,,
SDHAF2,SDHAF2,,
SDHC,SDHC,,
SIX3,SIX3,,
SLC31A1,SLC31A1,,
SLC35A3,SLC35A3,,
SLC45A1,SLC45A1,,
SNF8,SNF8,,
SNX27,SNX27,,
SPTBN4,SPTBN4,,
SSR3,SSR3,,
STARD7,STARD7,,
STAT2,STAT2,,
SYNCRIP,SYNCRIP,,
TANC2,TANC2,,
TBC1D20,TBC1D20,,
TCP1,TCP1,,
TELO2,TELO2,,
TET3,TET3,,
TKFC,TKFC,,
TMEM106B,TMEM106B,,
TMEM65,TMEM65,,
TNK2,TNK2,,
TRAF7,TRAF7,,
TRAPPC11,TRAPPC11,,
TRAPPC6B,TRAPPC6B,,
TRIP13,TRIP13,,
TRRAP,TRRAP,,
TSEN15,TSEN15,,
TSEN2,TSEN2,,
TSEN34,TSEN34,,
TUBA8,TUBA8,,
TUBB,TUBB,,
TXNRD1,TXNRD1,,
UFC1,UFC1,,
UQCC3,UQCC3,,
UQCRC1,UQCRC1,,
UQCRQ,UQCRQ,,
UROC1,UROC1,,
USP7,USP7,,
VLDLR,VLDLR,,
VPS50,VPS50,,
WDR62,WDR62,,
WSB2,WSB2,,
XK,XK,,
YIF1B,YIF1B,,
YME1L1,YME1L1,,
ZMIZ1,ZMIZ1,,
ZMYM2,ZMYM2,,
ABCG2,ABCG2,,
ACAT2,ACAT2,,
ADGRV1,ADGRV1,,
ADRA2B,ADRA2B,,
AGMO,AGMO,,
AKT1,AKT1,,
ALDH1B1,ALDH1B1,,
ALG10,ALG10,,
AMPD1,AMPD1,,
AOX1,AOX1,,
ATAD3B,ATAD3B,,
ATP5C1,ATP5C1,,
ATP5G1,ATP5G1,,
ATP5G2,ATP5G2,,
ATP5I,ATP5I,,
ATP5J,ATP5J,,
ATXN7,ATXN7,,
BCAT1,BCAT1,,
BCORL1,BCORL1,,
BET1,BET1,,
BOLA1,BOLA1,,
BOLA2,BOLA2,,
C1GALT1C1,C1GALT1C1,,
CACNB4,CACNB4,,
CAMK2G,CAMK2G,,
CAMLG,CAMLG,,
CASR,CASR,,
CBL,CBL,,
CCDC186,CCDC186,,
CCND2,CCND2,,
CEP89,CEP89,,
CETP,CETP,,
CHMP3,CHMP3,,
CHRM1,CHRM1,,
CLCN2,CLCN2,,
CLCN6,CLCN6,,
CLPS,CLPS,,
CNDP1,CNDP1,,
COA1,COA1,,
COA5,COA5,,
COG2,COG2,,
COX5B,COX5B,,
COX6C,COX6C,,
COX7A1,COX7A1,,
COX7A2,COX7A2,,
COX7B2,COX7B2,,
COX7C,COX7C,,
COX8A,COX8A,,
CPA6,CPA6,,
CRH,CRH,,
CSNK2A1,CSNK2A1,,
CYP7A1,CYP7A1,,
DHFR2,DHFR2,,
DLST,DLST,,
DMBX1,DMBX1,,
DMGDH,DMGDH,,
DPEP1,DPEP1,,
DTD1,DTD1,,
ECSIT,ECSIT,,
EGF,EGF,,
EIF2A,EIF2A,,
ERCC6L2,ERCC6L2,,
FBP2,FBP2,,
FIG4,FIG4,,
FOLR2,FOLR2,,
FOLR3,FOLR3,,
FTL,FTL,,
FUT2,FUT2,,
FXYD2,FXYD2,,
GAL,GAL,,
GALNT12,GALNT12,,
GATAD2B,GATAD2B,,
GATB,GATB,,
GGT1,GGT1,,
GLRB,GLRB,,
GNB2,GNB2,,
HAL,HAL,,
HYKK,HYKK,,
IDH3B,IDH3B,,
INO80,INO80,,
KCNH8,KCNH8,,
KHK,KHK,,
KMT5B,KMT5B,,
LACTB,LACTB,,
LIPI,LIPI,,
LMNB2,LMNB2,,
MAGI2,MAGI2,,
MAPK10,MAPK10,,
MATN4,MATN4,,
MCM3AP,MCM3AP,,
MRPL12,MRPL12,,
MRPL40,MRPL40,,
MRPS23,MRPS23,,
MTHFD1,MTHFD1,,
MYO1H,MYO1H,,
NAT8L,NAT8L,,
NDUFA3,NDUFA3,,
NDUFA5,NDUFA5,,
NDUFA7,NDUFA7,,
NDUFAB1,NDUFAB1,,
NDUFB1,NDUFB1,,
NDUFB2,NDUFB2,,
NDUFB4,NDUFB4,,
NDUFB5,NDUFB5,,
NDUFB6,NDUFB6,,
NDUFC1,NDUFC1,,
NDUFS5,NDUFS5,,
NDUFV3,NDUFV3,,
NID1,NID1,,
NRAS,NRAS,,
NT5C,NT5C,,
NUP62,NUP62,,
OSTC,OSTC,,
OXA1L,OXA1L,,
PCDHB4,PCDHB4,,
PCLO,PCLO,,
PDK1,PDK1,,
PDK2,PDK2,,
PDK4,PDK4,,
PDP2,PDP2,,
PDPR,PDPR,,
PDXK,PDXK,,
PEX11A,PEX11A,,
PHKG1,PHKG1,,
PHYKPL,PHYKPL,,
PIK3CA,PIK3CA,,
PNLIP,PNLIP,,
PNPLA4,PNPLA4,,
POP1,POP1,,
PPM1B,PPM1B,,
PPM1K,PPM1K,,
PRDM8,PRDM8,,
PREPL,PREPL,,
PRICKLE2,PRICKLE2,,
PSMB8,PSMB8,,
PTCD1,PTCD1,,
PTCH1,PTCH1,,
PTPRZ1,PTPRZ1,,
RALGAPB,RALGAPB,,
RNU12,RNU12,,
RNU5A-1,RNU5A-1,,
ROBO3,ROBO3,,
RTEL1,RTEL1,,
RUBCN,RUBCN,,
SARDH,SARDH,,
SCARB1,SCARB1,,
SCN2B,SCN2B,,
SCN9A,SCN9A,,
SEC24D,SEC24D,,
SEC31A,SEC31A,,
SHH,SHH,,
SHPK,SHPK,,
SLC22A4,SLC22A4,,
SLC25A2,SLC25A2,,
SLC25A40,SLC25A40,,
SLC26A6,SLC26A6,,
SLC27A5,SLC27A5,,
SLC36A2,SLC36A2,,
SLC52A1,SLC52A1,,
SLC6A20,SLC6A20,,
SLC6A5,SLC6A5,,
SLC7A6OS,SLC7A6OS,,
SLCO1B1,SLCO1B1,,
SLCO1B3,SLCO1B3,,
SRPX2,SRPX2,,
SRRT,SRRT,,
STIL,STIL,,
STT3B,STT3B,,
SUCLG2,SUCLG2,,
SUGCT,SUGCT,,
TCN1,TCN1,,
TDO2,TDO2,,
TGIF1,TGIF1,,
TIMM44,TIMM44,,
TM6SF2,TM6SF2,,
TMEM126A,TMEM126A,,
TPMT,TPMT,,
TREH,TREH,,
TUBA3E,TUBA3E,,
TXN2,TXN2,,
UNC13B,UNC13B,,
UQCRH,UQCRH,,
USF1,USF1,,
VPS13C,VPS13C,,
ZIC2,ZIC2,,