panel	line	entry	canonical_attempt	note
HIE.txt	3812	12-Sep	12-Sep	not_current_hgnc_after_official_aliases
HIE.txt	3813	9-Sep	9-Sep	not_current_hgnc_after_official_aliases
Monosomy_7_syndrome_panel.txt	29	JAGN	JAGN	not_current_hgnc_after_official_aliases
Monosomy_7_syndrome_panel.txt	30	TCRG1	TCRG1	not_current_hgnc_after_official_aliases
congenital_immunodeficiency_panel.txt	132	TNFS12	TNFS12	not_current_hgnc_after_official_aliases
congenital_immunodeficiency_panel.txt	194	CLBP	CLBP	not_current_hgnc_after_official_aliases
congenital_immunodeficiency_panel.txt	239	HMOX	HMOX	not_current_hgnc_after_official_aliases
congenital_immunodeficiency_panel.txt	269	PSEN	PSEN	not_current_hgnc_after_official_aliases
congenital_immunodeficiency_panel.txt	299	ALP1	ALP1	not_current_hgnc_after_official_aliases
congenital_immunodeficiency_panel.txt	328	TNFAIP	TNFAIP	not_current_hgnc_after_official_aliases
febrile_encephalopathy.txt	6	HNPRU	HNPRU	not_current_hgnc_after_official_aliases
growth_panel.txt	216	KMT2D/MLL2	KMT2D/MLL2	not_current_hgnc_after_official_aliases
hearing_loss.txt	76	KNCQ1	KNCQ1	not_current_hgnc_after_official_aliases
heart_disease.txt	76	AH1	AH1	not_current_hgnc_after_official_aliases
heart_disease.txt	111	PDE60	PDE60	not_current_hgnc_after_official_aliases
heart_disease.txt	112	POC18	POC18	not_current_hgnc_after_official_aliases
heart_disease.txt	237	LBD3	LBD3	not_current_hgnc_after_official_aliases
heart_disease.txt	323	CDKNIC	CDKNIC	not_current_hgnc_after_official_aliases
heart_disease.txt	329	ESC02	ESC02	not_current_hgnc_after_official_aliases
heart_disease.txt	330	RDR2	RDR2	not_current_hgnc_after_official_aliases
heart_disease.txt	427	AH1	AH1	not_current_hgnc_after_official_aliases
heart_disease.txt	462	PDE60	PDE60	not_current_hgnc_after_official_aliases
heart_disease.txt	463	POC18	POC18	not_current_hgnc_after_official_aliases
hereditary_cancer.txt	104	TNFRSF6 (FAS)	TNFRSF6 (FAS)	not_current_hgnc_after_official_aliases
inborn_error.txt	82	ALDH3A2M	ALDH3A2M	not_current_hgnc_after_official_aliases
inborn_error.txt	199	B3GNT1	B3GNT1	not_current_hgnc_after_official_aliases
inborn_error.txt	523	DY	DY	not_current_hgnc_after_official_aliases
inborn_error.txt	662	GBE=GBE1	GBE=GBE1	not_current_hgnc_after_official_aliases
inborn_error.txt	695	GM1	GM1	not_current_hgnc_after_official_aliases
inborn_error.txt	822	IFT64	IFT64	not_current_hgnc_after_official_aliases
inborn_error_panel.txt	130	ALDH3A2M	ALDH3A2M	not_current_hgnc_after_official_aliases
inborn_error_panel.txt	284	B3GNT1	B3GNT1	not_current_hgnc_after_official_aliases
inborn_error_panel.txt	706	DY	DY	not_current_hgnc_after_official_aliases
inborn_error_panel.txt	889	GBE=GBE1	GBE=GBE1	not_current_hgnc_after_official_aliases
inborn_error_panel.txt	941	GM1	GM1	not_current_hgnc_after_official_aliases
inborn_error_panel.txt	1127	IFT64	IFT64	not_current_hgnc_after_official_aliases
neutropenia_panel.txt	168	CSFR2B	CSFR2B	not_current_hgnc_after_official_aliases
proactive.txt	403	Mitochondrial genes	Mitochondrial genes	not_current_hgnc_after_official_aliases
renal_disease_panel.txt	245	GNASGAS1	GNASGAS1	not_current_hgnc_after_official_aliases
retina_disease.txt	8	ABRI	ABRI	not_current_hgnc_after_official_aliases
retina_disease.txt	16	ACHM6	ACHM6	not_current_hgnc_after_official_aliases
retina_disease.txt	17	ACHM7	ACHM7	not_current_hgnc_after_official_aliases
retina_disease.txt	22	ADCA2	ADCA2	not_current_hgnc_after_official_aliases
retina_disease.txt	36	AICAR	AICAR	not_current_hgnc_after_official_aliases
retina_disease.txt	42	ALSS	ALSS	not_current_hgnc_after_official_aliases
retina_disease.txt	70	ASP	ASP	not_current_hgnc_after_official_aliases
retina_disease.txt	72	ATD5	ATD5	not_current_hgnc_after_official_aliases
retina_disease.txt	80	BART	BART	not_current_hgnc_after_official_aliases
retina_disease.txt	97	BBS22	BBS22	not_current_hgnc_after_official_aliases
retina_disease.txt	106	BCAMD	BCAMD	not_current_hgnc_after_official_aliases
retina_disease.txt	107	BCD	BCD	not_current_hgnc_after_official_aliases
retina_disease.txt	113	BNHS	BNHS	not_current_hgnc_after_official_aliases
retina_disease.txt	116	BUG22	BUG22	not_current_hgnc_after_official_aliases
retina_disease.txt	137	CACD	CACD	not_current_hgnc_after_official_aliases
retina_disease.txt	142	CAR	CAR	not_current_hgnc_after_official_aliases
retina_disease.txt	143	CBBM	CBBM	not_current_hgnc_after_official_aliases
retina_disease.txt	151	CCMD	CCMD	not_current_hgnc_after_official_aliases
retina_disease.txt	158	CDMP2	CDMP2	not_current_hgnc_after_official_aliases
retina_disease.txt	160	CED3	CED3	not_current_hgnc_after_official_aliases
retina_disease.txt	174	CHBL	CHBL	not_current_hgnc_after_official_aliases
retina_disease.txt	178	CLC2	CLC2	not_current_hgnc_after_official_aliases
retina_disease.txt	191	CMT6	CMT6	not_current_hgnc_after_official_aliases
retina_disease.txt	192	CMT6B	CMT6B	not_current_hgnc_after_official_aliases
retina_disease.txt	204	COACH1	COACH1	not_current_hgnc_after_official_aliases
retina_disease.txt	209	COD5	COD5	not_current_hgnc_after_official_aliases
retina_disease.txt	210	CODA1	CODA1	not_current_hgnc_after_official_aliases
retina_disease.txt	214	COQ10D1	COQ10D1	not_current_hgnc_after_official_aliases
retina_disease.txt	215	COQ10D2	COQ10D2	not_current_hgnc_after_official_aliases
retina_disease.txt	216	COQ10D7	COQ10D7	not_current_hgnc_after_official_aliases
retina_disease.txt	217	COQ10D9	COQ10D9	not_current_hgnc_after_official_aliases
retina_disease.txt	222	CORD1	CORD1	not_current_hgnc_after_official_aliases
retina_disease.txt	230	CORD17	CORD17	not_current_hgnc_after_official_aliases
retina_disease.txt	231	CORD18	CORD18	not_current_hgnc_after_official_aliases
retina_disease.txt	232	CORD19	CORD19	not_current_hgnc_after_official_aliases
retina_disease.txt	234	CORD20	CORD20	not_current_hgnc_after_official_aliases
retina_disease.txt	235	CORD22	CORD22	not_current_hgnc_after_official_aliases
retina_disease.txt	240	CORD8	CORD8	not_current_hgnc_after_official_aliases
retina_disease.txt	243	CORDX2	CORDX2	not_current_hgnc_after_official_aliases
retina_disease.txt	248	CPHD6	CPHD6	not_current_hgnc_after_official_aliases
retina_disease.txt	252	CRDHL	CRDHL	not_current_hgnc_after_official_aliases
retina_disease.txt	253	CRSDS	CRSDS	not_current_hgnc_after_official_aliases
retina_disease.txt	254	CRV	CRV	not_current_hgnc_after_official_aliases
retina_disease.txt	262	CSNB1H	CSNB1H	not_current_hgnc_after_official_aliases
retina_disease.txt	278	CYMD	CYMD	not_current_hgnc_after_official_aliases
retina_disease.txt	280	DCB	DCB	not_current_hgnc_after_official_aliases
retina_disease.txt	296	DIAR12	DIAR12	not_current_hgnc_after_official_aliases
retina_disease.txt	297	DLP1	DLP1	not_current_hgnc_after_official_aliases
retina_disease.txt	299	DMDF	DMDF	not_current_hgnc_after_official_aliases
retina_disease.txt	301	DND	DND	not_current_hgnc_after_official_aliases
retina_disease.txt	307	EAR3	EAR3	not_current_hgnc_after_official_aliases
retina_disease.txt	313	EMPF	EMPF	not_current_hgnc_after_official_aliases
retina_disease.txt	316	ERVR	ERVR	not_current_hgnc_after_official_aliases
retina_disease.txt	317	ESCS	ESCS	not_current_hgnc_after_official_aliases
retina_disease.txt	321	EVR3	EVR3	not_current_hgnc_after_official_aliases
retina_disease.txt	323	EVR5	EVR5	not_current_hgnc_after_official_aliases
retina_disease.txt	324	EVR6	EVR6	not_current_hgnc_after_official_aliases
retina_disease.txt	325	EVR7	EVR7	not_current_hgnc_after_official_aliases
retina_disease.txt	334	FEVR	FEVR	not_current_hgnc_after_official_aliases
retina_disease.txt	336	FHASD	FHASD	not_current_hgnc_after_official_aliases
retina_disease.txt	344	FVH2	FVH2	not_current_hgnc_after_official_aliases
retina_disease.txt	357	GOP	GOP	not_current_hgnc_after_official_aliases
retina_disease.txt	367	HARP	HARP	not_current_hgnc_after_official_aliases
retina_disease.txt	370	HECIC2	HECIC2	not_current_hgnc_after_official_aliases
retina_disease.txt	374	HK5P	HK5P	not_current_hgnc_after_official_aliases
retina_disease.txt	377	HMSN6B	HMSN6B	not_current_hgnc_after_official_aliases
retina_disease.txt	380	HRG4	HRG4	not_current_hgnc_after_official_aliases
retina_disease.txt	386	HYC2	HYC2	not_current_hgnc_after_official_aliases
retina_disease.txt	387	ICRD	ICRD	not_current_hgnc_after_official_aliases
retina_disease.txt	388	IDDRP	IDDRP	not_current_hgnc_after_official_aliases
retina_disease.txt	400	ILFS2	ILFS2	not_current_hgnc_after_official_aliases
retina_disease.txt	410	IRD	IRD	not_current_hgnc_after_official_aliases
retina_disease.txt	411	ISQMR	ISQMR	not_current_hgnc_after_official_aliases
retina_disease.txt	419	JBTS30	JBTS30	not_current_hgnc_after_official_aliases
retina_disease.txt	434	KIAA1454	KIAA1454	not_current_hgnc_after_official_aliases
retina_disease.txt	439	KIP2	KIP2	not_current_hgnc_after_official_aliases
retina_disease.txt	442	KNO2	KNO2	not_current_hgnc_after_official_aliases
retina_disease.txt	444	KSS	KSS	not_current_hgnc_after_official_aliases
retina_disease.txt	448	LAMPB	LAMPB	not_current_hgnc_after_official_aliases
retina_disease.txt	450	LCA10	LCA10	not_current_hgnc_after_official_aliases
retina_disease.txt	457	LCA17	LCA17	not_current_hgnc_after_official_aliases
retina_disease.txt	458	LCA18	LCA18	not_current_hgnc_after_official_aliases
retina_disease.txt	459	LCA19	LCA19	not_current_hgnc_after_official_aliases
retina_disease.txt	468	LCAEOD	LCAEOD	not_current_hgnc_after_official_aliases
retina_disease.txt	470	LHONAR	LHONAR	not_current_hgnc_after_official_aliases
retina_disease.txt	471	LHONAR1	LHONAR1	not_current_hgnc_after_official_aliases
retina_disease.txt	473	LOC619531	LOC619531	not_current_hgnc_after_official_aliases
retina_disease.txt	486	MC1DN16	MC1DN16	not_current_hgnc_after_official_aliases
retina_disease.txt	487	MC1DN38	MC1DN38	not_current_hgnc_after_official_aliases
retina_disease.txt	488	MCCRP1	MCCRP1	not_current_hgnc_after_official_aliases
retina_disease.txt	489	MCCRP2	MCCRP2	not_current_hgnc_after_official_aliases
retina_disease.txt	490	MCCRP3	MCCRP3	not_current_hgnc_after_official_aliases
retina_disease.txt	491	MCDR	MCDR	not_current_hgnc_after_official_aliases
retina_disease.txt	492	MCDR1	MCDR1	not_current_hgnc_after_official_aliases
retina_disease.txt	494	MCDR3	MCDR3	not_current_hgnc_after_official_aliases
retina_disease.txt	495	MCDR4	MCDR4	not_current_hgnc_after_official_aliases
retina_disease.txt	496	MCDR5	MCDR5	not_current_hgnc_after_official_aliases
retina_disease.txt	497	MCLMR	MCLMR	not_current_hgnc_after_official_aliases
retina_disease.txt	499	MCOP2	MCOP2	not_current_hgnc_after_official_aliases
retina_disease.txt	500	MCOPS5	MCOPS5	not_current_hgnc_after_official_aliases
retina_disease.txt	502	MDCD	MDCD	not_current_hgnc_after_official_aliases
retina_disease.txt	503	MDDC	MDDC	not_current_hgnc_after_official_aliases
retina_disease.txt	504	MDDGA3	MDDGA3	not_current_hgnc_after_official_aliases
retina_disease.txt	505	MDDGB3	MDDGB3	not_current_hgnc_after_official_aliases
retina_disease.txt	506	MDDGC3	MDDGC3	not_current_hgnc_after_official_aliases
retina_disease.txt	507	MDPT1	MDPT1	not_current_hgnc_after_official_aliases
retina_disease.txt	508	MDPT2	MDPT2	not_current_hgnc_after_official_aliases
retina_disease.txt	526	MOSPGF	MOSPGF	not_current_hgnc_after_official_aliases
retina_disease.txt	528	MPS3C	MPS3C	not_current_hgnc_after_official_aliases
retina_disease.txt	529	MRMV4	MRMV4	not_current_hgnc_after_official_aliases
retina_disease.txt	530	MRP6	MRP6	not_current_hgnc_after_official_aliases
retina_disease.txt	531	MRST	MRST	not_current_hgnc_after_official_aliases
retina_disease.txt	532	MSA1	MSA1	not_current_hgnc_after_official_aliases
retina_disease.txt	545	MVID2	MVID2	not_current_hgnc_after_official_aliases
retina_disease.txt	548	MZSDS	MZSDS	not_current_hgnc_after_official_aliases
retina_disease.txt	550	NARP	NARP	not_current_hgnc_after_official_aliases
retina_disease.txt	553	NCMD	NCMD	not_current_hgnc_after_official_aliases
retina_disease.txt	554	NCRNA	NCRNA	not_current_hgnc_after_official_aliases
retina_disease.txt	579	NPHS9	NPHS9	not_current_hgnc_after_official_aliases
retina_disease.txt	589	OMCS	OMCS	not_current_hgnc_after_official_aliases
retina_disease.txt	590	ONCR	ONCR	not_current_hgnc_after_official_aliases
retina_disease.txt	592	OPA10	OPA10	not_current_hgnc_after_official_aliases
retina_disease.txt	593	OPA2	OPA2	not_current_hgnc_after_official_aliases
retina_disease.txt	595	OPA4	OPA4	not_current_hgnc_after_official_aliases
retina_disease.txt	596	OPA5	OPA5	not_current_hgnc_after_official_aliases
retina_disease.txt	597	OPA6	OPA6	not_current_hgnc_after_official_aliases
retina_disease.txt	599	OPA8	OPA8	not_current_hgnc_after_official_aliases
retina_disease.txt	600	OPA9	OPA9	not_current_hgnc_after_official_aliases
retina_disease.txt	607	OPSIN-LCR	OPSIN-LCR	not_current_hgnc_after_official_aliases
retina_disease.txt	609	ORP1	ORP1	not_current_hgnc_after_official_aliases
retina_disease.txt	611	P53BP3	P53BP3	not_current_hgnc_after_official_aliases
retina_disease.txt	616	PAP1	PAP1	not_current_hgnc_after_official_aliases
retina_disease.txt	620	PBCRA1	PBCRA1	not_current_hgnc_after_official_aliases
retina_disease.txt	639	PGN	PGN	not_current_hgnc_after_official_aliases
retina_disease.txt	641	PHARC	PHARC	not_current_hgnc_after_official_aliases
retina_disease.txt	642	PHPVAR	PHPVAR	not_current_hgnc_after_official_aliases
retina_disease.txt	651	PNR	PNR	not_current_hgnc_after_official_aliases
retina_disease.txt	660	PRD	PRD	not_current_hgnc_after_official_aliases
retina_disease.txt	677	PTBHS	PTBHS	not_current_hgnc_after_official_aliases
retina_disease.txt	685	QRX	QRX	not_current_hgnc_after_official_aliases
retina_disease.txt	695	RCD3	RCD3	not_current_hgnc_after_official_aliases
retina_disease.txt	696	RCD3A	RCD3A	not_current_hgnc_after_official_aliases
retina_disease.txt	697	RCD3B	RCD3B	not_current_hgnc_after_official_aliases
retina_disease.txt	698	RCD4	RCD4	not_current_hgnc_after_official_aliases
retina_disease.txt	699	RCDP1	RCDP1	not_current_hgnc_after_official_aliases
retina_disease.txt	706	RDMVID	RDMVID	not_current_hgnc_after_official_aliases
retina_disease.txt	707	RDPA	RDPA	not_current_hgnc_after_official_aliases
retina_disease.txt	710	REP1	REP1	not_current_hgnc_after_official_aliases
retina_disease.txt	712	RETGC1	RETGC1	not_current_hgnc_after_official_aliases
retina_disease.txt	725	RMCH1	RMCH1	not_current_hgnc_after_official_aliases
retina_disease.txt	726	RMCH2	RMCH2	not_current_hgnc_after_official_aliases
retina_disease.txt	727	RNANC	RNANC	not_current_hgnc_after_official_aliases
retina_disease.txt	728	ROA1	ROA1	not_current_hgnc_after_official_aliases
retina_disease.txt	731	ROP	ROP	not_current_hgnc_after_official_aliases
retina_disease.txt	745	RP21	RP21	not_current_hgnc_after_official_aliases
retina_disease.txt	746	RP22	RP22	not_current_hgnc_after_official_aliases
retina_disease.txt	748	RP24	RP24	not_current_hgnc_after_official_aliases
retina_disease.txt	753	RP29	RP29	not_current_hgnc_after_official_aliases
retina_disease.txt	757	RP32	RP32	not_current_hgnc_after_official_aliases
retina_disease.txt	759	RP34	RP34	not_current_hgnc_after_official_aliases
retina_disease.txt	760	RP35	RP35	not_current_hgnc_after_official_aliases
retina_disease.txt	768	RP42	RP42	not_current_hgnc_after_official_aliases
retina_disease.txt	784	RP58	RP58	not_current_hgnc_after_official_aliases
retina_disease.txt	786	RP6	RP6	not_current_hgnc_after_official_aliases
retina_disease.txt	790	RP63	RP63	not_current_hgnc_after_official_aliases
retina_disease.txt	795	RP68	RP68	not_current_hgnc_after_official_aliases
retina_disease.txt	796	RP69	RP69	not_current_hgnc_after_official_aliases
retina_disease.txt	798	RP70	RP70	not_current_hgnc_after_official_aliases
retina_disease.txt	799	RP71	RP71	not_current_hgnc_after_official_aliases
retina_disease.txt	800	RP72	RP72	not_current_hgnc_after_official_aliases
retina_disease.txt	801	RP73	RP73	not_current_hgnc_after_official_aliases
retina_disease.txt	802	RP74	RP74	not_current_hgnc_after_official_aliases
retina_disease.txt	803	RP75	RP75	not_current_hgnc_after_official_aliases
retina_disease.txt	804	RP76	RP76	not_current_hgnc_after_official_aliases
retina_disease.txt	805	RP77	RP77	not_current_hgnc_after_official_aliases
retina_disease.txt	806	RP78	RP78	not_current_hgnc_after_official_aliases
retina_disease.txt	807	RP79	RP79	not_current_hgnc_after_official_aliases
retina_disease.txt	808	RP8	RP8	not_current_hgnc_after_official_aliases
retina_disease.txt	809	RP80	RP80	not_current_hgnc_after_official_aliases
retina_disease.txt	810	RP81	RP81	not_current_hgnc_after_official_aliases
retina_disease.txt	811	RP82	RP82	not_current_hgnc_after_official_aliases
retina_disease.txt	812	RP83	RP83	not_current_hgnc_after_official_aliases
retina_disease.txt	813	RP84	RP84	not_current_hgnc_after_official_aliases
retina_disease.txt	814	RP85	RP85	not_current_hgnc_after_official_aliases
retina_disease.txt	815	RP86	RP86	not_current_hgnc_after_official_aliases
retina_disease.txt	816	RP87	RP87	not_current_hgnc_after_official_aliases
retina_disease.txt	817	RP88	RP88	not_current_hgnc_after_official_aliases
retina_disease.txt	818	RP89	RP89	not_current_hgnc_after_official_aliases
retina_disease.txt	820	RP90	RP90	not_current_hgnc_after_official_aliases
retina_disease.txt	821	RP91	RP91	not_current_hgnc_after_official_aliases
retina_disease.txt	822	RP92	RP92	not_current_hgnc_after_official_aliases
retina_disease.txt	823	RP93	RP93	not_current_hgnc_after_official_aliases
retina_disease.txt	824	RP94	RP94	not_current_hgnc_after_official_aliases
retina_disease.txt	825	RP95	RP95	not_current_hgnc_after_official_aliases
retina_disease.txt	826	RP96	RP96	not_current_hgnc_after_official_aliases
retina_disease.txt	827	RP97	RP97	not_current_hgnc_after_official_aliases
retina_disease.txt	832	RPSKA	RPSKA	not_current_hgnc_after_official_aliases
retina_disease.txt	836	RVCL	RVCL	not_current_hgnc_after_official_aliases
retina_disease.txt	849	SIFD	SIFD	not_current_hgnc_after_official_aliases
retina_disease.txt	864	SLSN8	SLSN8	not_current_hgnc_after_official_aliases
retina_disease.txt	867	SOPH	SOPH	not_current_hgnc_after_official_aliases
retina_disease.txt	870	SPARCAN	SPARCAN	not_current_hgnc_after_official_aliases
retina_disease.txt	872	SPAX10	SPAX10	not_current_hgnc_after_official_aliases
retina_disease.txt	881	SRTD10	SRTD10	not_current_hgnc_after_official_aliases
retina_disease.txt	882	SRTD11	SRTD11	not_current_hgnc_after_official_aliases
retina_disease.txt	883	SRTD18	SRTD18	not_current_hgnc_after_official_aliases
retina_disease.txt	884	SRTD3	SRTD3	not_current_hgnc_after_official_aliases
retina_disease.txt	885	SRTD5	SRTD5	not_current_hgnc_after_official_aliases
retina_disease.txt	886	SRTD9	SRTD9	not_current_hgnc_after_official_aliases
retina_disease.txt	896	STX3B	STX3B	not_current_hgnc_after_official_aliases
retina_disease.txt	898	SVD	SVD	not_current_hgnc_after_official_aliases
retina_disease.txt	903	TEF1	TEF1	not_current_hgnc_after_official_aliases
retina_disease.txt	904	TEM5L	TEM5L	not_current_hgnc_after_official_aliases
retina_disease.txt	905	THPH5	THPH5	not_current_hgnc_after_official_aliases
retina_disease.txt	918	TN	TN	not_current_hgnc_after_official_aliases
retina_disease.txt	934	TU15B	TU15B	not_current_hgnc_after_official_aliases
retina_disease.txt	943	USH1A	USH1A	not_current_hgnc_after_official_aliases
retina_disease.txt	947	USH1E	USH1E	not_current_hgnc_after_official_aliases
retina_disease.txt	950	USH1H	USH1H	not_current_hgnc_after_official_aliases
retina_disease.txt	952	USH1K	USH1K	not_current_hgnc_after_official_aliases
retina_disease.txt	954	USH2B	USH2B	not_current_hgnc_after_official_aliases
retina_disease.txt	962	VDM4	VDM4	not_current_hgnc_after_official_aliases
retina_disease.txt	964	VMD1	VMD1	not_current_hgnc_after_official_aliases
retina_disease.txt	966	VMD3	VMD3	not_current_hgnc_after_official_aliases
retina_disease.txt	967	VRD1	VRD1	not_current_hgnc_after_official_aliases
retina_disease.txt	976	WGN1	WGN1	not_current_hgnc_after_official_aliases
retina_disease.txt	979	Xp21-q21	Xp21-q21	not_current_hgnc_after_official_aliases
skeletal_dysplasia_ajhg2023.txt	56	CCD134	CCD134	not_current_hgnc_after_official_aliases
skeletal_dysplasia_ajhg2023.txt	70	CGAF	CGAF	not_current_hgnc_after_official_aliases
skeletal_dysplasia_ajhg2023.txt	113	DHPAT	DHPAT	not_current_hgnc_after_official_aliases
skeletal_dysplasia_ajhg2023.txt	178	FUCA	FUCA	not_current_hgnc_after_official_aliases
skeletal_dysplasia_ajhg2023.txt	205	"GREM1, FMN1"	"GREM1, FMN1"	not_current_hgnc_after_official_aliases
skeletal_dysplasia_ajhg2023.txt	223	HSGNAT	HSGNAT	not_current_hgnc_after_official_aliases
skeletal_dysplasia_ajhg2023.txt	238	IFT40	IFT40	not_current_hgnc_after_official_aliases
skeletal_dysplasia_ajhg2023.txt	279	MAENLI	MAENLI	not_current_hgnc_after_official_aliases
skeletal_dysplasia_ajhg2023.txt	324	NKX3¡V2	NKX3¡V2	not_current_hgnc_after_official_aliases
skeletal_dysplasia_ajhg2023.txt	465	"SULF1, SLCO5A1"	"SULF1, SLCO5A1"	not_current_hgnc_after_official_aliases
skeletal_dysplasia_ajhg2023.txt	473	"TBX3, TBX5"	"TBX3, TBX5"	not_current_hgnc_after_official_aliases
skeletal_dysplasia_ajhg2023.txt	511	"TRPS1, EXT1"	"TRPS1, EXT1"	not_current_hgnc_after_official_aliases
val55.txt	6	OARS1	OARS1	not_current_hgnc_after_official_aliases
young_stroke.txt	5	ABCG6	ABCG6	not_current_hgnc_after_official_aliases
young_stroke.txt	6	ABCG7	ABCG7	not_current_hgnc_after_official_aliases
young_stroke.txt	19	ADPRA2A	ADPRA2A	not_current_hgnc_after_official_aliases
young_stroke.txt	22	AK097927	AK097927	not_current_hgnc_after_official_aliases
young_stroke.txt	45	B2GP1	B2GP1	not_current_hgnc_after_official_aliases
young_stroke.txt	62	COX1	COX1	not_current_hgnc_after_official_aliases
young_stroke.txt	63	COX2	COX2	not_current_hgnc_after_official_aliases
young_stroke.txt	86	FACTOR V	FACTOR V	not_current_hgnc_after_official_aliases
young_stroke.txt	164	MT1	MT1	not_current_hgnc_after_official_aliases
young_stroke.txt	223	REG2	REG2	not_current_hgnc_after_official_aliases
young_stroke.txt	224	REST-NOA1	REST-NOA1	not_current_hgnc_after_official_aliases
young_stroke.txt	251	SMCR3	SMCR3	not_current_hgnc_after_official_aliases
young_stroke.txt	295	VAMP6	VAMP6	not_current_hgnc_after_official_aliases
young_stroke.txt	308	ZFP783	ZFP783	not_current_hgnc_after_official_aliases
